"Bartholomea annulata","Lebrunia neglecta","Phymanthus crucifer","Ricordea florida","Anemone spp.","Eudistoma spp.","Trididemnum solidum","Ascidian spp.","Thalassia testudinum","Amphiroa spp.","Asparagopsis taxiformis","Asparagopsis taxiformis on Ramicrusta","Caulerpa racemosa","Caulerpa spp.","Caulerpa spp. on Ramicrusta","Dichotomaria marginata","Dictyota spp.","Dictyota spp. on Ramicrusta","Galaxaura spp.","Galaxaura spp. on Ramicrusta","Gracilaria spp.","Halimeda discoidea","Halimeda spp.","Halimeda spp. on Ramicrusta","Halimeda tuna","Jania spp.","Lobophora spp.","Lobophora variegata","Lobophora variegatus on Ramicrusta","Martensia pavonia","Padina spp.","Sargassum hystrix","Sargassum natans","Stypopodium spp.","Stypopodium zonale","Udotea spp.","Valonia ventricosa","Wrangelia bicuspidata","Macroalgae spp.","Ramicrusta spp.","Peyssonnelia spp.","Turf (mixed) on Ramicrusta","Turf (mixed) with sediment","Turf (mixed)","Antillogorgia acerosa","Antillogorgia americana","Antillogorgia bipinnata","Antillogorgia rigida","Eunicea calyculata","Eunicea flexuosa","Eunicea mammosa","Eunicea pallida","Eunicea spp.","Eunicea succinea","Eunicea tourneforti","Gorgonia mariae","Gorgonia ventalina","Muricea atlantica","Muricea elongata","Muricea muricata","Muricea pinnata","Muriceopsis flavida","Plexaura homomalla","Plexaura kukenthali","Plexaura spp.","Plexaurella nutans","Plexaurella spp.","Pseudoplexaura flagellosa","Pseudoplexaura spp.","Pseudoplexaura wagenaari","Pterogorgia guadalupensis","Pterogorgia spp.","Octocoral spp.","Briareum asbestinum","Erythropodium caribaeorum","Octocoral spp.(encrusting)","Agelas citrina","Agelas clathrodes","Agelas conifera","Agelas dispar","Agelas sceptrum","Agelas spp.","Agelas sventres","Agelas tubulata","Aiolochroia crassa","Amphimedon compressa","Amphimedon viridis","Aplysina archeri","Aplysina cauliformis","Aplysina fistularis","Aplysina fulva","Aplysina lacunosa","Aplysina spp.","Biemna caribea","Biemna spp.","Callyspongia armigera","Callyspongia fallax","Callyspongia plicifera","Callyspongia spp.","Callyspongia tenerrima","Callyspongia vaginalis","Chondrilla caribensis","Chondrosia collectrix","Cinachyrella apion","Cinachyrella kuekenthali","Clathria spp.","Clathria venosa","Cliona aprica","Cliona caribbaea","Cliona delitrix","Cliona laticavicola","Cliona spp.","Cliona tenuis","Cliona varians","Cribrochalina vasculum","Desmapsamma spp.","Desmapsamma anchorata","Dictyonella funicularis","Dictyonella spp.","Diplastrella spp.","Dragmacidon reticulatum","Dysidea etheria","Dysidea janiae","Ectyoplasia ferox","Geodia neptuni","Haliclona spp.","Halisarca caerulea","Halisarca spp.","Iotrochota arenosa","Iotrochota birotulata","Ircinia campana","Ircinia felix","Ircinia spp.","Ircinia strobilina","Monanchora arbuscula","Mycale laevis","Mycale laxissima","Neofibularia nolitangere","Neopetrosia carbonaria","Neopetrosia proxima","Neopetrosia rosariensis","Neopetrosia spp.","Niphates alba","Amphimedon caribica","Niphates caycedoi","Niphates digitalis","Niphates erecta","Niphates spp.","Petrosia pellasarca","Petrosia spp.","Petrosia weinbergi","Phorbas amaranthus","Timea micraster","Plakortis angulospiculatus","Plakortis halichondrioides","Plakortis spp.","Prosuberites laughlini","Ptilocaulis walpersii","Scopalina ruetzleri","Smenospongia aurea","Smenospongia conulosa","Spheciospongia vesparium","Spirastrella coccinea","Spirastrella hartmani","Suberea spp.","Svenzea zeai","Tedania klausi","Topsentia ophiraphidites","Topsentia spp.","Verongula reiswigi","Verongula rigida","Verongula spp.","Xestospongia muta","Sponge spp.","Acropora cervicornis","Acropora palmata","Acropora prolifera","Agaricia agaricites","Agaricia fragilis","Agaricia grahamae","Agaricia humilis","Agaricia lamarcki","Agaricia spp.","Colpophyllia natans","Dendrogyra cylindrus","Dichocoenia stokesii","Diploria labyrinthiformis","Eusmilia fastigiata","Helioseris cucullata","Isophyllia rigida","Isophyllia sinuosa","Madracis auretenra","Madracis carmabi","Madracis decactis","Madracis formosa","Madracis pharensis","Madracis senaria","Madracis spp.","Manicina areolata","Meandrina jacksoni","Meandrina meandrites","Montastraea cavernosa","Mussa angulosa","Mycetophyllia aliciae","Mycetophyllia danaana","Mycetophyllia ferox","Mycetophyllia lamarckiana","Mycetophyllia spp.","Oculina diffusa","Orbicella annularis","Orbicella annularis (complex)","Orbicella faveolata","Orbicella franksi","Porites astreoides","Porites colonensis","Porites divaricata","Porites furcata","Porites porites","Pseudodiploria clivosa","Pseudodiploria strigosa","Scolymia cubensis","Scolymia spp.","Siderastrea radians","Siderastrea siderea","Solenastrea bournoni","Stephanocoenia intersepta","Stony Coral spp.","Millepora alcicornis","Millepora complanata","Millepora spp.","Millepora squarrosa","Stylaster roseus","Condominium spp.","Palythoa grandis","Palythoa caribaeorum","-","YEAR","REGION","LOCATION","SITE NAME","DEPTH ZONE","TRANSECT","sample_code","YEAR_SITE","YEAR_LOCATION","YEAR_REGION"
0,0,0,0,0,0,0,0,0,0,0,0,0,0,0,0,0,0,0,0,0,0,0,0,0,0,0,0,0,0,0,0,0,0,0,0,0,0,0,0,0,0,0,7.63740793725201,0,0,0,0,0,0,0,0,0,0,0,0,0,0,0,0,0,0,0,0,0,0,0,0,0,0,0,0,0.7615773105863908,0,0,0,0,0,0,0,0,0,0,0,0,0,0,0,0,0,0,0,0,0,0,0,0,0,0,0,0,0,0,0,0,0,0,0,0,0,0,0,0,0,0,0,0,0,0,0,0,0,0,0,0,0,0,0,0,0,0,0,0,0,0,0,0,0,0,0,0,0,0,0,0,0,0,0,0,0,0,0,0,0,0,0,0,0,0,0,0,0,0,0,0,0,0,0,0,0,0,0,0,0.6557438524302001,0,0,0,3.266496594212215,0,0,0,0,1.740689518552921,1.3152946437965904,0,0,0.8426149773176358,0,0.714142842854285,0,0,0,0,0,0,0,0,0,0,0,0,0,0,0,0,0,0,0,0,0,3.7682887362833544,0,0,0.8426149773176358,0,0,0,1.6552945357246849,0,0,0,0,0,0,0,0,1.0583005244258363,0,0,0,0,0,0,0,0.6557438524302001,,"1999","North-Northeast","Fajardo","Cayo Diablo (1999)","Shallow","1","1999Cayo Diablo (1999)1","1999_Cayo Diablo (1999)","1999_Fajardo","1999_North-Northeast"
0,0,0,0,0,0,0,0,0,0,0,0,0,0,0,0,0,0,0,0,0,0,0,0,0,0,0,0,0,0,0,0,0,0,0,0,0,0,0,0,0,0,0,5.506359959174482,0,0,0,0,0,0,0,0,0,0,0,0,0,0,0,0,0,0,0,0,0,0,0,0,0,0,0,0,2.723967694375247,0,0,0,0,0,0,0,0,0,0,0,0,0,0,0,0,0,0,0,0,0,0,0,0,0,0,0,0,0,0,0,0,0,0,0,0,0,0,0,0,0,0,0,0,0,0,0,0,0,0,0,0,0,0,0,0,0,0,0,0,0,0,0,0,0,0,0,0,0,0,0,0,0,0,0,0,0,0,0,0,0,0,0,0,0,0,0,0,0,0,0,0,0,0,0,0,0,0,0,0,1.2124355652982142,0,0,0,0.5477225575051661,0,0,0,0,2.083266665599966,0,0,0,0,0,0.6244997998398398,0,0,0,0,0,0,0,0,0,0,0,0,2.3515952032609695,0,0,0,0,0,0,0,0,4.316248370981447,0,0,0.7681145747868608,0,0,0,0.6244997998398398,0,0,0,0,0,0,0,0,0,0,0,0,0,0,0,0,0.9899494936611666,,"1999","North-Northeast","Fajardo","Cayo Diablo (1999)","Shallow","2","1999Cayo Diablo (1999)2","1999_Cayo Diablo (1999)","1999_Fajardo","1999_North-Northeast"
0,0,0,0,0,0,0,0,0,0,0,0,0,0,0,0,0,0,0,0,0,0,0,0,0,0,0,0,0,0,0,0,0,0,0,0,0,0,0,0,0,0,0,6.2809234989768825,0,0,0,0,0,0,0,0,0,0,0,0,0,0,0,0,0,0,0,0,0,0,0,0,0,0,0,0,2.3853720883753127,0,0,0,0,0,0,0,0,0,0,0,0,0,0,0,0,0,0,0,0,0,0,0,0,0,0,0,0,0,0,0,0,0,0,0,0,0,0,0,0,0,0,0,0,0,0,0,0,0,0,0,0,0,0,0,0,0,0,0,0,0,0,0,0,0,0,0,0,0,0,0,0,0,0,0,0,0,0,0,0,0,0,0,0,0,0,0,0,0,0,0,0,0,0,0,0,0,0,0,0,0.6557438524302001,0,0,0,0,0,0,0,0,1.4212670403551895,0,0,0,1.0099504938362078,0,0,0,0,0,0,0,0,0,0,0,0,0,0,2.0074859899884734,0,0,0,0,0,0,0,0,4.739198244429114,0,0,1.2884098726725126,0,0,0,1.004987562112089,0,0,0,0,0,0,0,0,0,0,0,0,0,0,0,0,0,,"1999","North-Northeast","Fajardo","Cayo Diablo (1999)","Shallow","3","1999Cayo Diablo (1999)3","1999_Cayo Diablo (1999)","1999_Fajardo","1999_North-Northeast"
0,0,0,0,0,0,0,0,0,0,0,0,0,0,0,0,0,0,0,0,0,0,0,0,0,0,0,0,0,0,0,0,0,0,0,0,0,0,0,0,0,0,0,5.897457079114693,0,0,0,0,0,0,0,0,0,0,0,0,0,0,0,0,0,0,0,0,0,0,0,0,0,0,0,0,1.797220075561143,0,0,0,0,0,0,0,0,0,0,0,0,0,0,0,0,0,0,0,0,0,0,0,0,0,0,0,0,0,0,0,0,0,0,0,0,0,0,0,0,0,0,0,0,0,0,0,0,0,0,0,0,0,0,0,0,0,0,0,0,0,0,0,0,0,0,0,0,0,0,0,0,0,0,0,0,0,0,0,0,0,0,0,0,0,0,0,0,0,0,0,0,0,0,0,0,0,0,0,0,0.8306623862918074,0,0,0,0.7416198487095663,0,0,0,0,1.7,0,4.044749683231337,0,0,0,0.6928203230275509,0,0,0,0,0.6928203230275509,0,0,0,0,0,0,0,1.3564659966250536,0,0,0,0,0,0,0,0,4.018706259482023,0,0,0,0,0,0,1.6792855623746665,0,0,0,0,0,0.5385164807134504,0,0,0,0,0,0,0,0,0,0,0.6403124237432849,,"1999","North-Northeast","Fajardo","Cayo Diablo (1999)","Shallow","4","1999Cayo Diablo (1999)4","1999_Cayo Diablo (1999)","1999_Fajardo","1999_North-Northeast"
0,0,0,0,0,0,0,0,0,0,0,0,0,0,0,0,0,0,0,0,0,0,0,0,0,0,0,0,0,0,0,0,0,0,0,0,0,0,0,0,0,0,0,6.296824596572466,0,0,0,0,0,0,0,0,0,0,0,0,0,0,0,0,0,0,0,0,0,0,0,0,0,0,0,0,1.5588457268119895,0,0,0,0,0,0,0,0,0,0,0,0,0,0,0,0,0,0,0,0,0,0,0,0,0,0,0,0,0,0,0,0,0,0,0,0,0,0,0,0,0,0,0,0,0,0,0,0,0,0,0,0,0,0,0,0,0,0,0,0,0,0,0,0,0,0,0,0,0,0,0,0,0,0,0,0,0,0,0,0,0,0,0,0,0,0,0,0,0,0,0,0,0,0,0,0,0,0,0,0,1.47648230602334,0,0,0,0,0,0,0,0,2.6664583251946765,0,0,0,0,0,1.3114877048604001,0,0,0,0,0,0,0,0,0,0,0,1.7349351572897471,2.6172504656604803,0,0,0,0,0,0,0,0,3.3090784215548594,0,0,1.6217274740226855,0,0,0,1.944222209522358,0,1.752141546793523,0,0,0,1.5394804318340654,0,0,0,0,0,0,0,0,0,0,1.3856406460551018,,"1999","North-Northeast","Fajardo","Cayo Diablo (1999)","Shallow","5","1999Cayo Diablo (1999)5","1999_Cayo Diablo (1999)","1999_Fajardo","1999_North-Northeast"
0,0,0,0,0,0,0,0.6928203230275509,0,0,0,0,0,0,0,0,0,0,0,0,0,0,0,0,0,0,0,0,0,0,0,0,0,0,0,0,0,0,0.4898979485566356,0,0,0,0,6.636264009214823,0,0,0,0,0,0,0,0,0,0,0,0,0,0,0,0,0,0,0,0,0,0,0,0,0,0,0,0,1.02469507659596,0,0,0,0,0,0,0,0,0,0,0,0,0,0,0,0,0,0,0,0,0,0,0,0,0,0,0,0,0,0,0,0,0,0,0,0,0,0,0,0,0,0,0,0,0,0,0,0,0,0,0,0,0,0,0,0,0,0,0,0,0,0,0,0,0,0,0,0,0,0,0,0,0,0,0,0,0,0,0,0,0,0,0,0,0,0,0,0,0,0,0,0,0,0,0,0,0,0,0,0,1.1704699910719625,0,0,0,0.9,0,0,0,0,0.33166247903553997,1.96468827043885,0,0,0,0,0,0,0,0,0,0,0,0,0,0,0,0,0,0,0,0,0,0,0,0,0,0,6.210475022089695,0,0,2.1047565179849186,0,0,0,0,0,0,0,0,0,0,0,0,0,0,0,0.4898979485566356,0,0,0,0,0,,"1999","North-Northeast","Fajardo","Palominitos (1999)","Shallow","1","1999Palominitos (1999)1","1999_Palominitos (1999)","1999_Fajardo","1999_North-Northeast"
0,0,0,0,0,0,0,0,0,0,0,0,0,0,0,0,0,0,0,0,0,0,0,0,0,0,0,0,0,0,0,0,0,0,0,0,0,0,2.0174241001832014,0,0,0,0,7.672027111526653,0,0,0,0,0,0,0,0,0,0,0,0,0,0,0,0,0,0,0,0,0,0,0,0,0,0,0,0,1.3892443989449805,0,0,0,0,0,0,0,0,0,0,0,0,0,0,0,0,0,0,0,0,0,0,0,0,0,0,0,0,0,0,0,0,0,0,0,0,0,0,0,0,0,0,0,0,0,0,0,0,0,0,0,0,0,0,0,0,0,0,0,0,0,0,0,0,0,0,0,0,0,0,0,0,0,0,0,0,0,0,0,0,0,0,0,0,0,0,0,0,0,0,0,0,0,0,0,0,0,0,0,0,0.6403124237432849,0,0,0,0.9797958971132712,0,0,0,0,1.5524174696260025,1.6492422502470643,0,0,0,0,0,0,0,0,0,0,0,0,0,0,0,0,0,0,0,0,0,0,0,0,0,0,2.958039891549808,0,0,1.0816653826391966,0,0,0,0,0,0,0,0,0,0,0,0,0,0,0,0,0,0,0,0,0,,"1999","North-Northeast","Fajardo","Palominitos (1999)","Shallow","2","1999Palominitos (1999)2","1999_Palominitos (1999)","1999_Fajardo","1999_North-Northeast"
0,0,0,0,0,0,0,0,0,0,0,0,0,0,0,0,0,0,0,0,0,0,0,0,0,0,0,0,0,0,0,0,0,0,0,0,0,0,1.03440804327886,0,0,0,0,6.241794613730894,0,0,0,0,0,0,0,0,0,0,0,0,0,0,0,0,0,0,0,0,0,0,0,0,0,0,0,0,1.8708286933869707,0,0,0,0,0,0,0,0,0,0,0,0,0,0,0,0,0,0,0,0,0,0,0,0,0,0,0,0,0,0,0,0,0,0,0,0,0,0,0,0,0,0,0,0,0,0,0,0,0,0,0,0,0,0,0,0,0,0,0,0,0,0,0,0,0,0,0,0,0,0,0,0,0,0,0,0,0,0,0,0,0,0,0,0,0,0,0,0,0,0,0,0,0,0,0,0,0,0,0,0,1.2649110640673518,0,0,0,1.8303005217723127,0,0,0,0,1.4317821063276353,2.493992782667985,0,0,0,0,0,0,0,0,0,0,0,0,0,0,0,0,0,0,0,0,0,0,0,1.1357816691600546,0,0,4.2731721238443,0,0,1.4594519519326423,0,0,0,0,0,0,0,0,0,0,0,0,0,0,0,0,0,0,0,0,0,,"1999","North-Northeast","Fajardo","Palominitos (1999)","Shallow","3","1999Palominitos (1999)3","1999_Palominitos (1999)","1999_Fajardo","1999_North-Northeast"
0,0,0,0,0,0,0,0,0,0,0,0,0,0,0,0,0,0,0,0,0,0,0,0,0,0,0,0,0,0,0,0,0,0,0,0,0,0,0,0,0,0,0,7.135124385741288,0,0,0,0,0,0,0,0,0,0,0,0,0,0,0,0,0,0,0,0,0,0,0,0,0,0,0,0,1.4798648586948742,0,0,0,0,0,0,0,0,0,0,0,0,0,0,0,0,0,0,0,0,0,0,0,0,0,0,0,0,0,0,0,0,0,0,0,0,0,0,0,0,0,0,0,0,0,0,0,0,0,0,0,0,0,0,0,0,0,0,0,0,0,0,0,0,0,0,0,0,0,0,0,0,0,0,0,0,0,0,0,0,0,0,0,0,0,0,0,0,0,0,0,0,0,0,0,0,0,0,0,0,0.6633249580710799,0,0,0,3.5114099732158874,0,0,0,0,0.6403124237432849,0,0,0,0,0,0,0,0,0,0,0,0,0,0,0,0,0,0,0,0,0,0,0,0,0,0,0,5.32634959423431,0,0,0.9055385138137416,0,0,0,0.9746794344808963,0,0,0,0,0,1.3601470508735443,0,0,0,0,0,0,0,0,0,0,0,,"1999","North-Northeast","Fajardo","Palominitos (1999)","Shallow","4","1999Palominitos (1999)4","1999_Palominitos (1999)","1999_Fajardo","1999_North-Northeast"
0,0,0,0,0,0,0,0,0,0,0,0,0,0,0,0,0,0,0,0,0,0,0,0,0,0,0,0,0,0,0,0,0,0,0,0,0,0,1.0677078252031311,0,0,0,0,7.321885003194191,0,0,0,0,0,0,0,0,0,0,0,0,0,0,0,0,0,0,0,0,0,0,0,0,0,0,0,0,2.658947160061666,0,0,0,0,0,0,0,0,0,0,0,0,0,0,0,0,0,0,0,0,0,0,0,0,0,0,0,0,0,0,0,0,0,0,0,0,0,0,0,0,0,0,0,0,0,0,0,0,0,0,0,0,0,0,0,0,0,0,0,0,0,0,0,0,0,0,0,0,0,0,0,0,0,0,0,0,0,0,0,0,0,0,0,0,0,0,0,0,0,0,0,0,0,0,0,0,0,0,0,0,0,0,0,0,2.947880594596735,0,0,0,0,0.8944271909999159,0,0,0,1.6217274740226855,0,0,0,0,0,0,0,0,0,0,0,0,0,0,0,0,0,0,0,0,0,0,0,4.640043103248073,0,0,1.7578395831246945,0,0,0,1.174734012447073,0,0,0,0,0,0,0,0,0,0,0,0,0,0,0,0,0,,"1999","North-Northeast","Fajardo","Palominitos (1999)","Shallow","5","1999Palominitos (1999)5","1999_Palominitos (1999)","1999_Fajardo","1999_North-Northeast"
0,0,0,0,0,0,0,0,0,0,0,0,0,0,0,0,0,0,0,0,0,0,0,0,0,0,0,0,0,0,0,0,0,0,0,0,0,0,0,0,0,0,0,7.8,0,0,0,0,0,0,0,0,0,0,0,0,0,0,0,0,0,0,0,0,0,0,0,0,0,0,0,0,1.2688577540449522,0,0,0,0,0,0,0,0,0,0,0,0,0,0,0,0,0,0,0,0,0,0,0,0,0,0,0,0,0,0,0,0,0,0,0,0,0,0,0,0,0,0,0,0,0,0,0,0,0,0,0,0,0,0,0,0,0,0,0,0,0,0,0,0,0,0,0,0,0,0,0,0,0,0,0,0,0,0,0,0,0,0,0,0,0,0,0,0,0,0,0,0,0,0,0,0,0,0,0,0,0.9539392014169457,0,0,0,2.349468024894146,0,0,0,0,1.6309506430300091,0,0,0.99498743710662,0,0,0.9539392014169457,0,0,0,0,0,0,0,0,0,0,0,0,1.4730919862656235,0,0,0,0,0.8888194417315589,0,0,0,1.8520259177452134,0,0,2.4083189157584592,0,0,0,1.8894443627691184,0,0,0,0,0,0,0,0,0,0,0,0,0,0,0,0,0.9539392014169457,,"1999","North-Northeast","Fajardo","Palominos (1999)","Shallow","1","1999Palominos (1999)1","1999_Palominos (1999)","1999_Fajardo","1999_North-Northeast"
0,0,0,0,0,0,0,0,0,0,0,0,0,0,0,0,0,0,0,0,0,0,0,0,0,0,0,0,0,0,0,0,0,0,0,0,0,0,0,0,0,0,0,7.565051222562872,0,0,0,0,0,0,0,0,0,0,0,0,0,0,0,0,0,0,0,0,0,0,0,0,0,0,0,0,1.2649110640673518,0,0,0,0,0,0,0,0,0,0,0,0,0,0,0,0,0,0,0,0,0,0,0,0,0,0,0,0,0,0,0,0,0,0,0,0,0,0,0,0,0,0,0,0,0,0,0,0,0,0,0,0,0,0,0,0,0,0,0,0,0,0,0,0,0,0,0,0,0,0,0,0,0,0,0,0,0,0,0,0,0,0,0,0,0,0,0,0,0,0,0,0,0,0,0,0,0,0,0,0,0.7,0,0,0,0,0,0,0,0,3.78549864614954,0,0,0,0,0,0,0,0,0,0,0,0,0,0,0,0,0,0,0,0,0,0,0,0,0,0,0,3.24037034920393,0,0,1.0862780491200215,0,0,0,2.0760539492026693,0,0,0,0,0,1.6031219541881396,0,0,0,0,0,0.8366600265340756,0,0,0,0,0,,"1999","North-Northeast","Fajardo","Palominos (1999)","Shallow","2","1999Palominos (1999)2","1999_Palominos (1999)","1999_Fajardo","1999_North-Northeast"
0,0,0,0,0,0,0,0,0,0,0,0,0,0,0,0,0,0,0,0,0,0,0,0,0,0,0,0,0,0,0,0,0,0,0,0,0,0,0,0,0,0,0,7.213875518748574,0,0,0,0,0,0,0,0,0,0,0,0,0,0,0,0,0,0,0,0,0,0,0,0,0,0,0,0,1.03440804327886,0,0,0,0,0,0,0,0,0,0,0,0,0,0,0,0,0,0,0,0,0,0,0,0,0,0,0,0,0,0,0,0,0,0,0,0,0,0,0,0,0,0,0,0,0,0,0,0,0,0,0,0,0,0,0,0,0,0,0,0,0,0,0,0,0,0,0,0,0,0,0,0,0,0,0,0,0,0,0,0,0,0,0,0,0,0,0,0,0,0,0,0,0,0,0,0,0,0,0,0,1.396424004376894,0,0,0,1.0630145812734648,0,0,0,0,2.455605831561735,0,0,0,0,0.5196152422706632,0.8944271909999159,0,0,0,0,0.5916079783099616,0,0,0,0,0,0,0,1.6792855623746665,0,0,0,0,0,0,0,0,1.9235384061671346,0,0,1.8055470085267789,0,0,0,0.5196152422706632,0,0,0,0,0.5196152422706632,2.1260291625469296,0,0,0,0,0,1.1224972160321824,0,0,0,0,0,,"1999","North-Northeast","Fajardo","Palominos (1999)","Shallow","3","1999Palominos (1999)3","1999_Palominos (1999)","1999_Fajardo","1999_North-Northeast"
0,0,0,0,0,0,0,0,0,0,0,0,0,0,0,0,0,0,0,0,0,0,0,0,0,0,0,0,0,0,0,0,0,0,0,0,0,0,0.7071067811865476,0,0,0,0,7.508661665037252,0,0,0,0,0,0,0,0,0,0,0,0,0,0,0,0,0,0,0,0,0,0,0,0,0,0,0,0,1.0295630140987,0,0,0,0,0,0,0,0,0,0,0,0,0,0,0,0,0,0,0,0,0,0,0,0,0,0,0,0,0,0,0,0,0,0,0,0,0,0,0,0,0,0,0,0,0,0,0,0,0,0,0,0,0,0,0,0,0,0,0,0,0,0,0,0,0,0,0,0,0,0,0,0,0,0,0,0,0,0,0,0,0,0,0,0,0,0,0,0,0,0,0,0,0,0,0,0,0,0,0,0,1.1445523142259597,0,0,0,0,0,0,0,0,2.8513154858766505,0,0,0,0,0,1.0295630140987,0,0,0,0,0,0,0,0,0,0,0,0,2.222611077089287,0,0,0,0,0,0,0,0,3.562302626111375,0,0,1.4594519519326423,0,0,0,1.3711309200802089,0,0,0,0,0,0,0,0,0,0,0,1.2,0,0,0,0,0,,"1999","North-Northeast","Fajardo","Palominos (1999)","Shallow","4","1999Palominos (1999)4","1999_Palominos (1999)","1999_Fajardo","1999_North-Northeast"
0,0,0,0,0,0,0,0,0,0,0,0,0,0,0,0,0,0,0,0,0,0,0,0,0,0,0,0,0,0,0,0,0,0,0,0,0,0,2.2203603311174516,0,0,0,0,7.5518209724542595,0,0,0,0,0,0,0,0,0,0,0,0,0,0,0,0,0,0,0,0,0,0,0,0,0,0,0,0,0.458257569495584,0,0,0,0,0,0,0,0,0,0,0,0,0,0,0,0,0,0,0,0,0,0,0,0,0,0,0,0,0,0,0,0,0,0,0,0,0,0,0,0,0,0,0,0,0,0,0,0,0,0,0,0,0,0,0,0,0,0,0,0,0,0,0,0,0,0,0,0,0,0,0,0,0,0,0,0,0,0,0,0,0,0,0,0,0,0,0,0,0,0,0,0,0,0,0,0,0,0,0,0,1.4560219778561037,0,0,0,1.1224972160321824,0,0,0,0,1.9595917942265424,0.6244997998398398,0,0,0,0,0,0,0,0,0,0,0,0,0,0,0,0,0,1.6733200530681511,0,0,0,0,0,0,0,0,0,0,0,2.1748563170931545,0,0,0,1.4352700094407325,0,0,0,0,0,2.1977260975835913,0,0,0,0,0,0.7416198487095663,0,0,0,0,0,,"1999","North-Northeast","Fajardo","Palominos (1999)","Shallow","5","1999Palominos (1999)5","1999_Palominos (1999)","1999_Fajardo","1999_North-Northeast"
0,0,0,0,0,0,0,0,0,0,0,0,0,0,0,0,0,0,0,0,0,0,0,0,0,0,0,0,0,0,0,0,0,0,0,0,0,0,0,0,0,0,0,5.973273809227232,0,0,0,0,0,0,0,0,0,0,0,0,0,0,0,0,0,0,0,0,0,0,0,0,0,0,0,0,0,0,0,0,0,0,0,0,0,0,0,0,0,0,0,0,0,0,0,0,0,0,0,0,0,0,0,0,0,0,0,0,0,0,0,0,0,0,0,0,0,0,0,0,0,0,0,0,0,0,0,0,0,0,0,0,0,0,0,0,0,0,0,0,0,0,0,0,0,0,0,0,0,0,0,0,0,0,0,0,0,0,0,0,0,0,0,0,0,0,0,0,0,0,0,0,0,0,0,0,0,0,0,0,0,0,0,0,0,0,0,0,0,0,0,0,0,0,0,0,0,0,0,0,0,0,0,0,0,3.966106403010388,0,0,0,0,0,0,0,0,5.3065996645686395,0,0,1.876166303929372,0,0,0,0,0,0,0,0,0,1.8193405398660252,0,0,0,0,0,0,0,0,0,0,0,,"2011","North-Northeast","Vega Baja","Cibuco (2011)","Very Shallow","1","2011Cibuco (2011)1","2011_Cibuco (2011)","2011_Vega Baja","2011_North-Northeast"
0,0,0,0,0,0,0,0,0,0,0,0,0,0,0,0,0,0,0,0,0,0,0,0,0,0,0,0,0,0,0,0,0,0,0,0,0,0,0,0,0,0,0,7.347108274688757,0,0,0,0,0,0,0,0,0,0,0,0,0,0,0,0,0,0,0,0,0,0,0,0,0,0,0,0,0,0,0,0,0,0,0,0,0,0,0,0,0,0,0,0,0,0,0,0,0,0,0,0,0,0,0,0,0,0,0,0,0,0,0,0,0,0,0,1.7916472867168918,0,0,0,0,0,0,0,0,0,0,0,0,0,0,0,0,0,0,0,0,0,0,0,0,0,0,0,0,0,0,0,0,0,0,0,0,0,0,0,0,0,0,0,0,0,0,0,0,0,0,0,0,0,0,0,0,0,0,0,0,0,0,0,0,0,0,0,0,0,0,0,0,0,0,0,0,0,0,0,0,0,0,0,0,0,0,0,0,0,2.4392621835300936,0,0,0,0,0,0.648074069840786,0,0,2.615339366124404,0,0,1.5231546211727816,0,0,0,1,1.118033988749895,3.682390527904394,0,0,0,0,0,0,0,0,0,0,0,0,0,0,2.16794833886788,,"2011","North-Northeast","Vega Baja","Cibuco (2011)","Very Shallow","2","2011Cibuco (2011)2","2011_Cibuco (2011)","2011_Vega Baja","2011_North-Northeast"
0,0,0,0,0,0,0,0,0,0,0,0,0,0,0,0,0,0,0,0,0,0,0,0,0,0,0,0,0,0,0,0,0,0,0,0,0,0,0,0,0,0,0,6.473793323855805,0,0,0,0,0,0,0,0,0,0,0,0,0,0,0,0,0,0,0,0,0,0,0,0,0,0,0,0,0,0,0,0,0,0,0,0,0,0,0,0,0,0,0,0,0,0,0,0,0,0,0,0,0,0,0,0,0,0,0,0,0,0,0,0,0,0,0,0,0,0,0,0,0,0,0,0,0,0,0,0,0,0,0,0,0,0,0,0,0,0,0,0,0,0,0,0,0,0,0,0,0,0,0,0,0,0,0,0,0,0,0,0,0,0,0,0,0,0,0,0,0,0,0,0,0,0,0,0,0,0,0,0,0,0,0,0,0,0,0,0,0,0,0,0,0,0,0,0,0,0,0,0,0,0,0,0,0,0.9591663046625439,0,0,0,0,0,0,0,0,4.752893855326458,0,0,0.9591663046625439,0,0,0,2.5903667693977237,0,3.682390527904394,0,0,0,0,0,0,0,1.014889156509222,0,0,0,0,0,0,1.4317821063276353,,"2011","North-Northeast","Vega Baja","Cibuco (2011)","Very Shallow","3","2011Cibuco (2011)3","2011_Cibuco (2011)","2011_Vega Baja","2011_North-Northeast"
0,0,0,0,0,0,0,0,0,0,0,0,0,0,0,0,2.04939015319192,0,0,0,0,0,0,0,0,0,0,0,0,0,0,0,0,0,0,0,0,0,0,0,0,0,0,5.995831885568507,0,0,0,0,0,0,0,0,0,0,0,0,0,0,0,0,0,0,0,0,0,0,0,0,0,0,0,0,0,0,0,0,0,0,0,0,0,0,0,0,0,0,0,0,0,0,0,0,0,0,0,0,0,0,0,0,0,0,0,0,0,0,0,0,0,0,0,0,0,0,0,0,0,0,0,0,0,0,0,0,0,0,0,0,0,0,0,0,0,0,0,0,0,0,0,0,0,0,0,0,0,0,0,0,0,0,0,0,0,0,0,0,0,0,0,0,0,0,0,0,0,0,0,0,0,0,0,0,0,0,0,0,0,0,0,0,0,0,0,0,0,0,0,0,0,0,0,0,0,0,0,0,0,0,0,0,0,0,0,0,0,0,0,0,0,0,4.524378410345448,0,0,0.5,0,0,0,5.702630971753301,0,1.3928388277184118,0,0,0,0,0,0,0,0,0,0,0,0,0,0,0,,"2011","North-Northeast","Vega Baja","Cibuco (2011)","Very Shallow","4","2011Cibuco (2011)4","2011_Cibuco (2011)","2011_Vega Baja","2011_North-Northeast"
0,0,0,0,0,0,0,0,0,0,0,0,0,0,0,0,0,0,0,0,0,0,0,0,0,0,0,0,0,0,0,0,0,0,0,0,0,0,0,0,0,0,0,6.282515419798028,0,0,0,0,0,0,0,0,0,0,0,0,0,0,0,0,0,0,0,0,0,0,0,0,0,0,0,0,0,0,1.1489125293076057,0,0,0,0,0,0,0,0,0,0,0,0,0,0,0,0,0,0,0,0,0,0,0,0,0,0,0,0,0,0,0,0,0,0,0,0,1.0816653826391966,0,0,0,0,0,0,0,0,0,0,0,0,0,0,0,0,0,0,0,0,0,0,0,0,0,0,0,0,0,0,0,0,0,0,0,0,0,0,0,0,0,0,0,0,0,0,0,0,0,0,0,0,0,0,0,0,0,0,0,0,0,0,0,0,0,0.6403124237432849,0,0,0,0,0,0,0,0,0,0,0,0,0,0,0,0,0,0,0,0,0,0,0,2.0663978319771825,0,0,0,0,0,0,0,0,3.9585350825778973,0,0,2.009975124224178,0,0,0,4.49221548904324,0,2.222611077089287,0,0,0,2.04939015319192,0,0,0,0,0,0,0,0,0,0,1.0723805294763609,,"2011","North-Northeast","Vega Baja","Cibuco (2011)","Very Shallow","5","2011Cibuco (2011)5","2011_Cibuco (2011)","2011_Vega Baja","2011_North-Northeast"
0,0,0,0,0,0,0,0,0,0,0,0,0,0,0,0,0,0,0,0,0,0,0,0,0,0,0,0,0,0,0,0,0,0,0,0,0,0,0,0,0,0,0,6.596969000988257,0,0,0,0,0,0,0,0,0,0,0,0.5916079783099616,0,0,0,0,0,0,0,0,0,0,0,0,0,0,0,0,0,0,0,0,0,0,0,0,0,0,0,0,0,0,0,0,0,0,0,0,0,0,0,0,0,0,0,0,0,0,0,0,0,0,0,0,0,0,0,0,0,0,0,0,0,0,0,0,0,0,0,0,0,0,0,0,0,0,0,0,0,0,0,0,0,0,0,0,0,0,0,0,0,0,0,0,0,0,0,0,0,0,0,0,0,0,0,0,0,0,0,0,0,0,0,0,0,0,0,0,0,0,0,0,0,0,0,0,0,0,0.47958315233127197,0,0,0,0,0,0,0,0,0,0,0,0,0,0,0,0,0,0,0,0,0,0,0,0,0,0,0,4.253234063627348,0,0,0.9055385138137416,0,0,3.8652296180175374,0,0.9643650760992956,1.9313207915827966,0,0,0,0,0,0,0,0,0,0,0,0,0,0,0,,"2013","North-Northeast","Vega Baja","Cibuco (2013)","Shallow","1","2013Cibuco (2013)1","2013_Cibuco (2013)","2013_Vega Baja","2013_North-Northeast"
0,0,0,0,0,0,0,0,0,0,0,0,0,0,0,0,0,0,0,0,0,0,0,0,0,0,0,0,0,0,0,0,0,0,0,0,0,0,0,0,0,0,0,5.496362433464518,0,0,0,0,0,0,0,0,0,0,0,0,0,0,0,0,0,0,0,0,0,0,0,0,0,0,0,0,0,0,0,0,0,0,0,0,0,0,0,0,0,0,0,0,0,0,0,0,0,0,0,0,0,0,0,0,0,0,0,0,0,0,0,0,0,0,0,0,0,0,0,0,0,0,0,0,0,0,0,0,0,0,0,0,0,0,0,0,0,0,0,0,0,0,0,0,0,0,0,0,0,0,0,0,0,0,0,0,0,0,0,0,0,0,0,0,0,0,0,0,0,0,0,0,0,0,0,0,0,0,0,0,0,0,0,0,0,0,0,0,0,0,0,0,0,0,0,0,0,0,0,0,0,0,0,0,0,0,0,0,0,0,0,0,0,0,0,0,0,0,0,0,7.745966692414834,0,0,1.2569805089976536,0,0,0,0,0,0,0,0,0,0,0,0,0,0,0,,"2013","North-Northeast","Vega Baja","Cibuco (2013)","Shallow","2","2013Cibuco (2013)2","2013_Cibuco (2013)","2013_Vega Baja","2013_North-Northeast"
0,0,0,0,0,0,0,0,0,0,0,0,0,0,0,0,0,0,0,0,0,0,0,0,0,0,0,0,0,0,0,0,0,0,0,0,0,0,0,0,0,0,0,5.940538696111658,0,0,0,0,0,0,0,0,0,0,0,0,0,0,0,0,0,0,0,0,0,0,0,0,0,0,0,0,0,0,0,0,0,0,0,0,0,0,0,0,0,0,0,0,0,0,0,0,0,0,0,0,0,0,0,0,0,0,0,0,0,0,0,0,1.03440804327886,0,0,0,0,0,0,0,0,0,0,0,0,0,0,0,0,0,0,0,0,0,0,0,0,0,0,0,0,0,0,0,0,0,0,0,0,0,0,0,0,0,0,0,0,0,0,0,0,0,0,0,0,0,0,0,0,0,0,0,0,0,0,0,0,0,0,0,0,0,0,0,0,0,0,0,0,0,0,0,0,0,0,0,0,0,0,0,0,0,0,0,0,0,0,0,0,0,0,0,0,0,4.729693436154187,0,0,0,0,0,5.448853090330111,0,0,1.1532562594670797,0,0,0,0,0,0,0.09999999999999006,0,0,0,0,0,0,0,0,,"2013","North-Northeast","Vega Baja","Cibuco (2013)","Shallow","3","2013Cibuco (2013)3","2013_Cibuco (2013)","2013_Vega Baja","2013_North-Northeast"
0,0,0,0,0,0,0,0,0,0,0,0,0,0,0,0,0.7280109889280518,0,0,0,0,0,0,0,0,1.0816653826391966,0,0,0,0,0,0,0,0,0,0,0,0,0,0,0,0,0,6.65432190384565,0,0,0,0,0,0,0,0,0,0,0,0,0,0,0,0,0,0,0,0,0,0,0,0,0,0,0,0,0,0,0,0,0,0,0,0,0,0,0,0,0,0,0,0,0,0,0,0,0,0,0,0,0,0,0,0,0,0,0,0,0,0,0,0,0,0,0,0,0,0,0,0,0,0,0,0,0,0,0,0,0,0.9746794344808963,0,0,0,0,0,0,0,0,0,0,0,0,0,0,0,0,0,0,0,0,0,0,0,0,0,0,0,0,0,0,0,0,0,0,0,0,0,0,0,0,0,0,0,0,0,0,0,0,0,0,0,0.565685424949238,0,0,0,0,0,0,0,0,0,0,0,0,0,0,0,0,0,0,0,0,0,0,0,1.9798989873223332,0,0,0,0,0,0,0,0,4.946716082412655,0,0,0,0,0,0,0,0,0,0,0,0,0,0,0,0,0,0,0,0,0,0,0,0,,"2013","North-Northeast","Vega Baja","Cibuco (2013)","Shallow","4","2013Cibuco (2013)4","2013_Cibuco (2013)","2013_Vega Baja","2013_North-Northeast"
0,0,0,0,0,0,0,0,0,0,0,0,0,0,0,0,0,0,0,0,0,0,0,0,0,0,0,0,0,0,0,0,0,0,0,0,0,0,0,0,0,0,0,6.782329983125268,0,0,0,0,0,0,0,0,0,0,0,0,0,0,0,0,0,0,0,0,0,0,0,0,0,0,0,0,0,0,0,0,0,0,0,0,0,0,0,0,0,0,0,0,0,0,0,0,0,0,0,0,0,0,0,0,0,0,0,0,0,0,0,0,1.5099668870541498,0,0,0,0,0,0,0,0,0,0,0,0,0,0,0,0,0,0,0,0,0,0,0,0,0,0,0,0,0,0,0,0,0,0,0,0,0,0,0,0,0,0,0,0,0,0,0,0,0,0,0,0,0,0,0,0,0,0,0,0,0,0,0,0,0,0,0,0,0.5385164807134504,0,0,0,0,0,0,0,0,0,0,0,0,0,0,0,0,0,0,0,0,0,0,0,0,0,0,0,0,0,0,0,0,4.368065933568311,0,0,0.7549834435270749,0,0,2.6457513110645907,0,0,3.4641016151377544,0,0,0,0,0,0,0,0,0,0,0,0,0,0,1.131370849898476,,"2013","North-Northeast","Vega Baja","Cibuco (2013)","Shallow","5","2013Cibuco (2013)5","2013_Cibuco (2013)","2013_Vega Baja","2013_North-Northeast"
0,0,0,0,0,0,0,0,0,0,0,0,0,0,0,0,0,0,0,0,0,0,0.8888194417315589,0,0,0,0,0,0,0,0,0,0,0,0,0,0,0,0,0,0,0,6.6558245169174945,0,0,0,0,0,0,0,0,0,0,0,0,0.5099019513592785,0,0,0,0,0,0,0,0,0,0,0,0,0,0,0,0,0,0,0,0,0,0,0,0,0,0,0,0,0,0,0,0,0,0,0,0,0,0,0,0,0,0,1.2,0,0,0,0,0,0,0,0,0,0,0,0,0,0,0,0,0,0,0,0,0,0,0,0,0,0,0,0,0,0.36055512754639896,0,0,0,0,0,0.5099019513592785,0.6244997998398398,0,0,0,0,0,0,0,0,0,0,0,0,0,0,0,0,0,0,0,0,0,0,0,0,0,0,0,0,0,0,0,0,0,0,0,0,0,0.5196152422706638,0,0,0,0,0,0,0,0,0,0,0,0,0,0,0,0,0,0,0,0,0,0,0,0,0,0,0,0,0,0,0,0,0,0,0,0,0,0,0,0,0,0,0,0,0,1.7349351572897471,0,0,0.5099019513592785,0,0,0,0.10000000000000116,0,0,0,0,0,0,0,0,,"2015","North-Northeast","Carolina","Reserva Isla Verde","Very Shallow","1","2015Reserva Isla Verde1","2015_Reserva Isla Verde","2015_Carolina","2015_North-Northeast"
0,0,0,0,0,0,0,0,0,0,0,0,0,0,0,0,0,0,0,0,0,0,0.9746794344808963,0,0,0,0,0,0,0,0,0,0,0,0,0,0,0,0,0,0,0,8.649855490122363,0,0,0,0,0,0,0,0,0,0,0,0,0,0,0,0,0,0,0,0,0,0,0,0,0,0,0,0,0,0,0,0,0,0,0,0,0,0,0,0,0,0,0,0,0,0,0,0,0,0,0,0,0,0,0,0.7745966692414834,0,0,0,0,0,0,0,0,0,0,0,0,0,0,0.4898979485566356,0,0,0,0,0,0,0,0,0,0,0,0,0,0,0.6928203230275509,0,0,0,0.6928203230275509,0,0,0,0,0,0,0,0,0,0,0,0,0,0,0,0,0,0,0,0,0,0,0,0,0,0.4898979485566356,0,0,0,0,0,0,0,0,0,0,0,0,0,0,0.8366600265340757,0,0,0,0,0,0,0,0,0,0,0,0,0,0,0,0,0,0,0,0,0,0,0,0,0,0,0,0,0,0,0,0,0,0,0,0,0,0,0,0,0,0,0,0,0,0,0,0,0.7745966692414834,0,0,0,0,0,0,0,0,0,0,0,0,,"2015","North-Northeast","Carolina","Reserva Isla Verde","Very Shallow","2","2015Reserva Isla Verde2","2015_Reserva Isla Verde","2015_Carolina","2015_North-Northeast"
0,0,0,0,0,0,0,0,0,0,0,0,0.9055385138137416,0,0,0,0,0,0,0,0,0,1.2288205727444508,0,0,0,0,0,0,0,0,0,0,0,0,0,0,0,0,0,0,0,8.391066678319271,0,0,0,0,0,0,0,0,0,0,0,0,0,0,0,0,0,0,0,0,0,0,0,0,0,0,0,0,0,0,0,0,0,0,0,0,0,0,0,0,0,0,0,0,0,0,0,0,0,0,0,0,0,0,0,0,0.5196152422706632,0,0,0,1.2806248474865698,0,0,0,0,0,0,0,0,0,0,0,0,0.9055385138137416,0,0,0,0,0,0,0,0,0,0,0,0.5196152422706632,0,0,0,0,0.7416198487095663,0,0.5196152422706632,0,0,0,0,0,0,0,0,0,0,0,0,0,0,0,0,0,0,0,0,0,0,0,0,0,0,0,0,0,0,0,0,0,0,0,0,0,0.5385164807134508,0,0,0,0,0,0,0,0,0,0,0,0,0,0,0,0,0,0,0,0,0,0,0,0,0,0,0,0,0,0,0,0,0,0,0,0,0,0,0,0,0,0,0,0,0,0,0,0,0.8246211251235321,0,0,0,0,0,0,0,0,0,0,0,0,,"2015","North-Northeast","Carolina","Reserva Isla Verde","Very Shallow","3","2015Reserva Isla Verde3","2015_Reserva Isla Verde","2015_Carolina","2015_North-Northeast"
0,0,0,0,0,0,0,0,0,0,0,0,0,0,0,0,1.0099504938362078,0,0,0,0,0,0,0,0,0,0,0,0,0,0,0,0,0,0,0,0,0,0,0,0,0,8.687922651589389,1.5968719422671303,0,0,0,0,0,0,0,0,0,0,0,0,0,0,0,0,0,0,0,0,0,0,0,0,0,0,0,0,0,0,0,0,0,0,0,0,0,0,0,0,0,0,0.5099019513592785,0,0,0,0,0,0,0,0,0,0,0,0.8,0,0,0,0,0,0,0,0,0,0,0,0,0,0,0,0,0,0,0,0,0,0,0,0,0,0,0,0,0,0,0,0,1.1832159566199232,0.9433981132056604,0,0,0.714142842854285,0,0,0,0,0,0.8774964387392122,0,0,0,0,0,0,0,0,0,0,0,0,0,0,0,0,0.6164414002968976,0,0,0,0,0,0,0,0,0,0,0,0,0,0,0.714142842854285,0,0,0,0,0,0,0,0,0,0,0,0,0,0,0,0,0,0,0,0,0,0,0,0,0,0,0,0,0,0,0,0,0,0,0,0,0,0,0,0,0,0,0,0,1.7146428199482247,0,0,0,0.6164414002968976,0,0,0,0,0,0,0,0,0,0,0,0,,"2015","North-Northeast","Carolina","Reserva Isla Verde","Very Shallow","4","2015Reserva Isla Verde4","2015_Reserva Isla Verde","2015_Carolina","2015_North-Northeast"
0,0,0,0,0,0,0,0,0,0,0,0,0,1.70293863659264,0,0,0,0,0,0,0,0,1.2328828005937953,0,0,0,0,0,0,0,0,0,0,0,0,0,0,0,0,0,0,0,8.392854103342914,2.925747767665559,0,0,0,0,0,0,0,0,0,0,0,0,0,0,0,0,0,0,0,0,0,0,0,0,0,0,0,0,0,0,0,0,0,0,0,0,0,0,0,0,0,0,0,0,0,0,0,0,0,0,0,0,0,0,0,0,0,0,0,0.6403124237432849,0,0,0,0,0,0,0,0,0,0,0,0,0.6403124237432849,0,0,0,0,0,0,0,0,0,0,0,0.5291502622129182,0,0,0,0,0,0,0,0.8306623862918074,0,0,0,0,0,0,0,0,0,0,0,0,0,0,0,0,0,0,0,0,0,0,0,0,0,0,0,0,0,0.5291502622129182,0,0,0,0,0,0,1.2328828005937953,0,0,0,0,0,0,0,0,0,0,0,0,0,0,0,0,0,0,0,0,0,0,0,0,0,0,0,0,0,0,0,0,0,0,0,0,0,0,0,0,0,0,0,0,2.6532998322843198,1.2328828005937953,0,0,0,0,0,0,0,0,0,0,0,0,0,0,0,,"2015","North-Northeast","Carolina","Reserva Isla Verde","Very Shallow","5","2015Reserva Isla Verde5","2015_Reserva Isla Verde","2015_Carolina","2015_North-Northeast"
0,0,0,0,0,0,0,0,0,0,0,0,0,0,0,0,0.4287464628562721,0,0,0,0,0,2.728525781658746,0,0,0,0,0,0,0,0,0,0,0,0,0,0,0,0,6.44547264729739,0,0,0,2.9078999901889984,0,0,0,0,0,0,0,0,0,0,0,0,0,0,0,0,0,0,0,0,0,0,0,0,0,0,0,0,0,0,0,0,0,0,0,0,0,0,0,0,0,0,0,0,0,0,0,0,0,0,0,0,0,0,0,0,0,0,0,0,0.7426106572325057,0,0,0,0,0,0,0,0,0,0,0,0,0,0,0,0,0,0,0,0,0,0,0,0,0,0,0,0,0,0,0,0,0,0,0,0,0,0,0,0,0,0,0,0,0,0,0,0,0,0,0,0,0,0,0,0,0,0,0,0,0,0,0,0,0,0,0,0,0,0,0,0,0,0,0,0,0,0,0,0,0,0,0,0,0,0,0,0,0,0,0,0,0,0,0,0,0,0,0,0,0,0,0,0,0,4.424613642155995,0,0,1.25,0,0,0,1.321485349677311,0,0,0,0,0,0,0,0,0.024253562503549028,2.625525157552519,0,0,0,0,0,0,1.4539499950944992,,"2016","North-Northeast","Fajardo","Cayo Diablo (2016)","Very Shallow","1","2016Cayo Diablo (2016)1","2016_Cayo Diablo (2016)","2016_Fajardo","2016_North-Northeast"
0,0,0,0,0,0,0,0,0,0,0,0,0,0,0,0,0,0,0.6872081327440495,0,0,0,0,0,0,0,0,0,0,0,0,0,0,0,0,0,0,0,0,8.685777977769332,0,0,0,0,0,0,0,0,0,0,0,0,0,0,0,0,0,0,0,0,0,0,0,0,0,0,0,0,0,0,0,0,0,1.3307728267479997,0,0,0,0,0,0,0,0,0,0,0,0,0,0,0,0,0,0,0,0,0,0,0,0,0,0,0,0,0,0,0,0,0,0,0,0,0,0,0,0,0,0,0,0,0,0,0,0,0,0,0,0,0,0,0,0,0,0,0,0,0,0,0,0,0,0,0,0,0,0,0,0,0,0,0,0,0,0,0,0,0,0,0,0,0,0,0,0,0,0,0,0,0,0,0,0,0,0,0,0,0,0,0,0,0,0,0,0,0,0,0,0,0,0,0,0,0,0,0,0,0,0,0,0,0,0,0,0,0,0,0,0,0,0,0,0,3.3841075898169826,0,0,0,0,0,0,3.2957344260907844,0,0,0,0,0,0,0,0,0,0,0,0,0,0,0,0,0,,"2016","North-Northeast","Fajardo","Cayo Diablo (2016)","Very Shallow","2","2016Cayo Diablo (2016)2","2016_Cayo Diablo (2016)","2016_Fajardo","2016_North-Northeast"
0,0,0,0,0,0,0,0,0,0,0,0,0,0,0,0,0,0,0,0,0,0,1.5527465388809885,0,0,0,0,0,0,0,0,0,0,0,0,0,0,0,0,7.910231134524917,2.0887320023705165,0,0,2.247590877619255,0,0,0,0,0,0,0,0,0,0,0.6776741475716972,0,0,0,0,0,0,0,0,0,0,0,0,0,0,0,0,0,0,0,0,0,0,0,0,0,0,0,0,0,0,0,0,0,0,0,0,0,0,0,0,0,0,0,0,0,0,0,0,0,0,0,0,0,0,0,0,0,0,0,0,0,0,0,0,0,0,0,0,0,0,0,0,0,0,0,0,0,0,0,0,0,0,0,0,0,0,0,0,0,0,0,0,0,0,0,0,0,0,0,0,0,0,0,0,0,0,0,0,0,0,0,0,0,0,0,0,0,0,0,0.7576627302822696,0,0,0.47918798518276023,0,0,0,0,0,0,0,0,0,0,0,0,0,0,0,0,0,0,0,0,0,0,0,0,0,0,0,0,0,0,0,0,0,0,0,0.7576627302822696,0,0,0,4.621121577966407,0,0,0,0,0,0,0,0,0,0,0,0,0,0,0,0,0,,"2016","North-Northeast","Fajardo","Cayo Diablo (2016)","Very Shallow","3","2016Cayo Diablo (2016)3","2016_Cayo Diablo (2016)","2016_Fajardo","2016_North-Northeast"
0,0,0,0,0,0,0,0,0,0,0,0,0,0,0,0,1.5124753549550503,0,0,0,0,0,1.837636067909745,0,0,0,0,0,0,0,0,0,0,0,0,0,0,0,0,8.198251580430723,1.952597287096688,0,0,0,0,0,0,0,0,0,0,0,0,0,0,0,0,0,0,0,0,0,0.4667600280093366,0,0,0,0,0,0,0,0,0,0,0.6600983619844495,0,0,0,0,0,0,0,0,0,0,0,0,0,0,0,0,0,0,0,0,0,0,0,0,0,0,0,0,0,0,0,0,0,0,0,0,0,0,0,0,0,0,0,0,0,0,0,0,0,0,0,0,0,0,0,0,0,0,0,0,0,0,0,0,0,0,0,0,0,0,0,0,0,0,0,0,0,0,0,0,0,0,0,0,0,0,0,0,0.5716619504750294,0,0,0,0,0,0,0,0,0,0,0,0,0,0,0,0,0,0,0,0,0,0,0,0,0,0,0,0,0,0,0,0,0,0,0,0,0,0,0,0,0,0,0,0,0,0,0,4.452606883725777,0,0,0,0,0,0,0.9335200560186733,0,0,0,0,0,0,0,0,0,0,0,0,0,0,0,0,0,,"2016","North-Northeast","Fajardo","Cayo Diablo (2016)","Very Shallow","4","2016Cayo Diablo (2016)4","2016_Cayo Diablo (2016)","2016_Fajardo","2016_North-Northeast"
0,0,0,0,0,0,0,0,0,0,0,0,0,0,0,0,1.1658573244487827,0,0.6967330142916177,0,0,0,2.8215536586327206,0,0,0,0,0,0,0,0,0,0,0,0,0,0,0,0,8.273246155031746,0,0,0,0,0,0,0,0,0,0,0,0,0.5396870722208659,0,0,0,0,0,0,0,0,0,0,0,0,0,0,0,0,0,0,0,0,0.6231769528497558,0,0,0,0,0,0,0,0,0,0,0,0,0,0,0,0,0,0,0,0,0,0,0.9347654292746338,0,0,0,0,0,0,0,0,0,0,0,0,0,0,0,0,0,0,0,0,0,0,0,0,0,0,0,0,0,0,0,0,0,0,0,0,0,0,0,0,0,0,0,0,0,0,0,0,0,0,0,0,0,0,0,0,0,0,0,0,0,0,0,0,0,0,0,0,0,0,0,0,0,0,0,0,0,2.019324120321605,0,0,0,0,0,0,0,0,0,0,0,0,0,0,0,0,0,0,0,0,0,0,0,0,0,0,0,0,0,0,0,0,0,0,0,2.9559878344928796,0,0,0,0,0,0,1.7348512149069377,0,0,0,0,0,0,0,0,0.036867645720463395,1.2463539056995117,0,0,0,0,0,0,0,,"2016","North-Northeast","Fajardo","Cayo Diablo (2016)","Very Shallow","5","2016Cayo Diablo (2016)5","2016_Cayo Diablo (2016)","2016_Fajardo","2016_North-Northeast"
0,0,0,0,0,0,0,0,0.4836508334066745,0,0,0,0,0,0,0,0,0,0,0,0,0,0,0,0,0,0,0,0,0,0,0,0,0,0,0,0,0,0,0,0,0,7.570332986102251,1.3245323570650438,0,0,0,0,0,0,0,0,0,0,0,0,0,0,0,0,0,0,0,0,0,0,0,0,0,0,0,0,0,0,0,0,0,0,0,0,0,0,0,0,0,0,0,0,0,0,0,0,0,0,0,0,0,0,0,0,0,0,0,0,0,0,0,0,0,0,0,0,0,0,0,0,0,0,0,0,0,0,0,0,0,0,0,0,0,0,0,0,0,0,0,0,0,0,0,0,0,0,0,0,0,0,0,0,0,0,0,0,0,0,0,0,0,0,0,0,0,0,0,0,0,0,0,0,0,0,0,0,0,0,0,0,0,0.4836508334066745,0,0,0,0,0,0,0,0,0,0,0,0,0,0,0,0,0,0,0,0,0,0,0,0,0,0,0,0,0,0,0,0,4.738791022072739,0,0,1.1846977555181848,0,0,0,3.8842913508445287,0,0,0,0,0,0,0,0,0,0,0,0,0,0,0,0,0.7647191129018726,,"2016","North-Northeast","Vega Baja","Cibuco (2013)","Shallow","1","2016Cibuco (2013)1","2016_Cibuco (2013)","2016_Vega Baja","2016_North-Northeast"
0,0,0,0,0,0,0,0,0,0,0,0,0,0,0,0,0,0,0,0,0,0,0,0,0,0,0,0,0,0,0,0,0,0,0,0,0,0,0,0,0,0,5.638370493928988,2.150891563880652,0,0,0,0,0,0,0,0,0,0,0,0,0,0,0,0,0,0,0,0,0,0,0,0,0,0,0,0,0,0,0,0,0,0,0,0,0,0,0,0,0,0,0,0,0,0,0,0,0,0,0,0,0,0,0,0,0,0,0,0,0,0,0,0,0,0,0,0,0,0,0,0,0,0,0,0,0,0,0,0,0,0,0,0,0,0,0,0,0,0,0,0,0,0,0,0,0,0,0,0,0,0,0,0,0,0,0,0,0,0,0,0,0,0,0,0,0,0,0,0,0,0,0,0,0,0,0,0,0,0,0,0,0,0,0,0,0,0,0,0,0,0,0,0,0,0,0,0,0,0,0,0,0,0,0,0,0,0,0,0,0,0,0,0,0,0,0,0,0,0,0,0,0,7.861493765373923,0,0,0,0,0,0,0,0,0,0,0,0,0,0,0,0,0,,"2016","North-Northeast","Vega Baja","Cibuco (2013)","Shallow","2","2016Cibuco (2013)2","2016_Cibuco (2013)","2016_Vega Baja","2016_North-Northeast"
0,0,0,0,0,0,0,0,0,0,0,0,0,0,0,0,1.5328483487124145,0,0,0,0,0,0,0,0,0,0,0,0,0,0,0,0,0,0,0,0,0,2.9083752537355547,0,0,0,5.193619567365935,4.067106266555945,0,0,0,0,0,0,0,0,0,0,0,0,0,0,0,0,0,0,0,0,0,0,0,0,0,0,0,0,0,0,0,0,0,0,0,0,0,0,0,0,0,0,0,0,0,0,0,0,0,0,0,0,0,0,0,0,0,0,0,0,0,0,0,0,0,0,0,0,0,0,0,0,0,0,0,0,0,0,0,0,0,0,0,0,0,0,0,0,0,0,0,0,0,0,0,0,0,0,0,0,0,0,0.43355498476206,0,0,0,0,0,0,0,0,0,0,0,0,0,0,0,0,0,0,0,0,0,0,0,0,0,0,0,0,0,0,0.6131393394849658,0,0,0,0,0,0,0,0,0,0,0,0,0,0,0,0,0,0,0,0,0,0,0,1.1873392253649442,0,0,0,0,0,0,0,0,3.46843987809648,0,0,1.1470786693528088,0,0,0,5.111537884910194,0,0.86710996952412,0,0,0,0,0,0,0,0,0,0,0,0,0,0,0.43355498476206,,"2016","North-Northeast","Vega Baja","Cibuco (2013)","Shallow","3","2016Cibuco (2013)3","2016_Cibuco (2013)","2016_Vega Baja","2016_North-Northeast"
0,0,0,0,0,0,0,0,0,0,0,0,0,0,0,0,0,0,0,0,0,0,0,0,0,0,0,0,0,0,0,0,0,0,0,0,0,0,5.156568444522465,0,0,0,3.8615237933044666,0,0,0,0,0,0,0,0,0,0,0,0,0,0,0,0,0,0,0,0,0,0,0,0,0,0,0,0,0,0,0,0,0,0,0,0,0,0,0,0,0,0,0,0,0,0,0,0,0,0,0,0,0,0,0,0,0,0,0,0,0,0,0,0,0,0,0,0,0,0,0,0,0,0,0,0,0,0,0,0,0,0,0,0,0,0,0,0,0,0,0,0,0,0,0,0,0,0,1.021152715106994,0,0,0,0,0,0,0,0,0,0,0,0,0,0,0,0,0,0,0,0,0,0,0,0,0,0,0,0,0,0,0,0,0,0,0,0,0,0,0,0,0,0,0,0,0,0,0,0,0,0,0,0,0,0,0,0,0,0,0,2.1901285786053233,0,0,0,0,0,0,0,0,4.800503970762396,0,0,0,0,0,0,0,0,0,0,0,0,0,0,0,0,0,0,0,0,0,0,0,0,,"2016","North-Northeast","Vega Baja","Cibuco (2013)","Shallow","4","2016Cibuco (2013)4","2016_Cibuco (2013)","2016_Vega Baja","2016_North-Northeast"
0,0,0,0,0,0,0,0,0,0,0,0,0,0,0,0,0,0,0,0,0,0,0,0,0,0,0,0,0,0,0,0,0,0,0,0,0,0,0,0,0,0,5.828602125700985,0,0,0,0,0,0,0,0,0,0,0,0,0,0,0,0,0,0,0,0,0,0,0,0,0,0,0,0,0,0,0,0,0,0,0,0,0,0,0,0,0,0,0,0,0,0,0,0,0,0,0,0,0,0,0,0,0,0,0,0,0,0,0,0,0,1.1704114719613057,0,0,0,0,0,0,0,0,0,0,0,0,0,0,0,0,0,0,0,0,0,0,0,0.6410607647560324,0,0,0,0,0,0,0,0,0,0,0,0,0,0,0,0,0,0,0,0,0,0,0,0,0,0,0,0,0,0,0,0,0,0,0,0,0,0,0,0,0,0,0,0,0,0,0,0,0,0,0,0,0,0,0,0,0,0,0,0,0,0,0,0,0,0,0,0,0,0,0,0,0,0,0,0,0,5.0341300890446465,0,0,0,0,0,0,3.0966176864266615,0,4.21997857554777,0,0,0,0,0,0,0,0,0,0,0,0,0,0,0.7402332101976052,,"2016","North-Northeast","Vega Baja","Cibuco (2013)","Shallow","5","2016Cibuco (2013)5","2016_Cibuco (2013)","2016_Vega Baja","2016_North-Northeast"
0,0,0,0,0,0,0,0,0,0,0,0,0,0,0,0,1.8684193830591114,0,0,0,0,0,0.6711560552140242,0,0,0,0,2.9637448918190956,0,0,0,0,0,0,0,0,0,0,0,0,6.2870523321368195,0,0,0.6711560552140242,0,0,0,0,0,0,0,0,0,0,0,0,0,0,0,0,0,0,0,0,0,0,0,0,0,0.47457899787624946,0,0,0,0.47457899787624946,1.807142984316893,0,0,0,0,0,0,0,0,0,0,0,0,0,0,0,0,0,0,0,0,0,0,0,0,0,0,0,0,0,0,0,0,0,0,0,0,0,0,0,0,0,0,0,0,0,0,0,0,0,0,0,0,0,0,0,0,0,0,0,0.7503752814845803,0,0,0,0,0,0,0,0,0,0,0,0,0,0,0,0,0,0,0,0,0,0,0,0,0,0,0,0,0,0,0,0,0,0,0,0,0,0,0,1.9277490023901491,0,0,0.5812381937190964,0,0,0,0,0,0,0,0,0,0,0,0,0,0,0,0,0,0,0,0,0,0,0,0,0,0,0,0,0,0,0,0,5,0,0,1.743714581157289,0,0,0,1.4627507100116681,0,0,0,0,0,2.0412414523193148,0,0,0,0,0,0,0,0,0,0,0,,"2016","North-Northeast","Fajardo","Palominitos (2016)","Shallow","1","2016Palominitos (2016)1","2016_Palominitos (2016)","2016_Fajardo","2016_North-Northeast"
0,0,0,0,0,0,0,0,0,0,0,0,0,0,0,0,1.4424920636638423,0,0,0,0,0,1.2614227168169423,0,0,0,0,0,0,0,0,0,0,0,0,0,0,0,0,0,6.774926774728829,0,0,0.9895413919905869,0,0,0,0,0,0.6059678724350827,0,0,0,0,0,0,0,0,0,0,0,0,0,0,0,0,0,0,0,0,0,0,0,1.884030680065262,1.677849063110318,0,0,0,0,0,0,0,0,0,0,0.6997114285413196,0,0,0,0,0,0,0,0,0,0,0,0,0,0,0,0,0,0,0,0,0,0,0,0,0,0,0,0,0,0,0,0,0,0,0,0,0,0,0,0,0,0,0,0,0,0,0,0,0.7823011594259386,0,0,0,0,0,0,0,0,0,0,0,0.49477069599529344,0,0,0,0,0,0,0,0,0,0,0,0,0,0,0,0,0,0,0,0,0,0,0,0,0,0,0,0,0,0,0.6997114285413196,0,0,0,0,0.49477069599529344,0,0,0,0,0,0,0,0,0,0,0,0,0,0,0,0,0,0,0,0,0,0,0,0,0,0,0,5.54275691535956,0,0,0.9895413919905869,0,0,0,1.1603401349975657,0,0,0,0,0,0,0,0,0.03988968877415578,1.0495671428119795,0,0,0,0,0,0,0,,"2016","North-Northeast","Fajardo","Palominitos (2016)","Shallow","2","2016Palominitos (2016)2","2016_Palominitos (2016)","2016_Fajardo","2016_North-Northeast"
0,0,0,0,0,0,0,0,0,0,0,0,0,0,0,0,0.865484644815831,0,0,0,0,0,1.1032807731577106,0,0,0,0,0,0,0,0,0,0,0,0,0,0,0,0,0,6.577113878160551,0,0,1.185113657849943,0,0,0,0,0,0.4327423224079155,0,0,0,0.4327423224079155,0,0,0,0,0,0,0,0,0,0,0,0,0,0,0,0.6119900613621045,0,0,0,1.6191735072072875,1.8862800519692002,0,0,0,0,0,0,0,0,0,0,0,0,0,0,0,0,0,0,0,0,0,0,0,0,0,0,0,0,0,0,0,0,0,0,0,0,0,0,0,0,0,0,0,0,0,0,0,0,0.6842256893799668,0,0,0,0,0,0,0,0,0,0,0,0,0,0,0,0,0,0,0,0,0,0,0,0,0,0,0,0,0,0,0,0,0,0,0,0,0,0,0,0,0,0,0,0,0,0,0,0,0,0,0,0,0,0,0,0,0,0,0,2.5046772725643467,0,0,0,0,0,0,0,0,0,0,0,0,0,0,0,0,0,0,0,0,0,0,0,0,0,0,4.818814561982183,0,0,1.6478336703816454,0,0,0,1.6191735072072875,0,0,0,0,0,0,0,0,0,0,0,0,0,0,0,0,0,,"2016","North-Northeast","Fajardo","Palominitos (2016)","Shallow","3","2016Palominitos (2016)3","2016_Palominitos (2016)","2016_Fajardo","2016_North-Northeast"
0,0,0,0,0,0,0,0,0,0,0,0,0,0,0,0,1.8030865415262751,0,0,0,0,0,0.8201498277207122,0,0,0,0,0,0,0,0,0,0,0,0,0,0,0,0,0,6.586778440498454,0,0,0,0,0,0,0,0,0.8201498277207122,0,0,0,0,0,0,1.1104881163264388,0,0,0,0,0,0,0,0,0,0,0,0,0,0,0,0,0,3.1050371342998733,0,0,0,0,0,0,0,0,0,0,0,0,0,0,0,0,0,0,0,0,0,0,0,0,0,0,0,0,0,0,0,0,0,0,0,0,0,0,0,0,0,0,0,0,0,0,0,0,0,0,0,0,0,0,0,0,0,0,0,0,0,0,0,0,0,0,0,0,0,0,0,0,0,0,0,0,0,0,0,0,0,0,0,0,0,0,0,0,0,0,0,0,0,0,0,0,0,0,0,0,0,0,0,0,0,0,0,0,2.1955928134994847,0,0,0,0,0,0,0,0,0,0,0,0,0,0,0,0,0,0,0,0,0,0,0,0,0,0,4.31391532958773,0,0,3.228933100671159,0,0,0,0.669649530182425,0,0,0,0,0,0,0,0,0.0649249307799038,0.4735137238103784,0,0,0,0,0,0,0,,"2016","North-Northeast","Fajardo","Palominitos (2016)","Shallow","4","2016Palominitos (2016)4","2016_Palominitos (2016)","2016_Fajardo","2016_North-Northeast"
0,0,0,0,0,0,0,0,0,0,0,0,0,0,0,0,2.7673376379949928,0,0,0,0,0,1.6657415116319239,0,0,0,0,0,0,0,0,0,0,0,0,0,0,0,0,0,7.298913607148469,0,0,0,0,0,0,0,0,0,0,0,0,0,0,0,1.2465268062907158,0,0,0,0,0,0,0,0,0,0,0,0,0,0,0,0,0,0.942285694863091,0,0,0,0,0,0,0,0,0,0,0,0,0,0,0,0,0,0,0,0,0,0,0,0,0,0,0,0,0,0,0.47114284743154544,0,0,0,0,0,0,0,0,0,0,0,0,0,0,0,0,0,0,0,0,0,0,0,0,0,0,0,0,0,0,0,0,0,0,0,0,0,0,0,0,0.47114284743154544,0,0,0,0,0,0,0,0,0,0,0,0,0,0,0,0,0,0,0,0,0,0,0,0,0,0,0.47114284743154544,0,0,0,0.7449422505904476,0,0,0,0,0.7449422505904476,2.259521719695521,0,0,0,0,0,0,0,0,0,0,0,0,0,0,0,0,0,0,0,0,0,0,0,0,0,0,1.3325932093055393,0,0,2.7472112789737806,0,0,0,2.6232123557316207,0,0,0,0,0,0,0,0,0.011049279183642475,1.0535074339697477,0,0,0,0,0,0,0,,"2016","North-Northeast","Fajardo","Palominitos (2016)","Shallow","5","2016Palominitos (2016)5","2016_Palominitos (2016)","2016_Fajardo","2016_North-Northeast"
0,0,0,0,0,0,0,0,0,0,0,0,0,0,0,0,0,0,0,0,0,0,0,0,0,0,0,0,0,0,0,0,0,0,0,0,0,0,0,0,1.6903085094570331,0,6.354600882899914,0,0,0,0,0,0,0.4364357804719847,0,0,0,0,0.6172133998483676,0,0,0,0,0,0,0,0,0,0,0,0,0,0,0.4364357804719847,0,0,0,1.632993161855452,0,0,0,0,0,0,0,0,0,0.8728715609439694,0.4364357804719847,0,0,0,0.5345224838248488,0,0,0,0,0,0,0,0.816496580927726,0,0,0,0,0,0,0,0,0,0,0,0,0,0,0,0,0,0,0,0,0,0,0,0,0,0,0,0,0,0,0,0,0,0,0,0,0,0.5345224838248488,0,0,0,0,0,0,0,0,0,0,0,0,0,0,0,0,0,0,0,0,0.4364357804719847,0,0,0,0,0,0,0,0,0,0,0,0,0,0,0,0,0,0,0,0,0,0.816496580927726,0,3.754362541795624,0,0.4364357804719847,0,0,0,0,0,0.8728715609439694,0.5345224838248488,0,0,0,0,0.6900655593423543,0,0,0,0,0,0,0,1.2344267996967353,0,0,0,0,0,0,0,0,0,0,0,2.1602468994692865,0,0,0,1.8516401995451028,0,0,0,0,0,1.2724180205607034,0,0.8728715609439694,0,0,0,0,0,0,0,0,0.6172133998483676,,"2016","North-Northeast","Fajardo","Palominos (2016)","Intermediate","1","2016Palominos (2016)1","2016_Palominos (2016)","2016_Fajardo","2016_North-Northeast"
0,0,0,0,0,0,0,0,0,0,0,0,0,0,0,0,0,0,0,0,0,0,0,0,0,0,0,0,0,0,0,0,0,0,0,0,0,0,0,0,3.4325177665704487,0,5.936962586413632,0,0.5450043146345697,0,0,0,0,0.5450043146345697,0,0,0,0,0,0,0,0,0,0,0,0,0,0,0,0,0,0,0,0,0,0,0,2.594739537473218,0,0,0,0,0,0,0,0,0,0.5450043146345697,0,0,0,0,0.7035975447302918,0.8325078419634814,0,0,0,0,0,0,0,0,0,0,0,0,0,0,0,0,0,0,0,0,0,0,0,0,0,0,0,0,0,0,0,0,0,0,0,0,0,0,0,0,0,0,0,0,0.4449941594899847,0,0,0,0,0,0,0,0,0,0,0,0,0,0,0,0,0,0,0,0,0.6293167755275525,0,0,0,0,0.8325078419634814,0,0,0,1.218666695553581,0,0,0,0,0,0,0,0,0,0,0,0,1.5732919388188813,0,2.79674492548352,0,0,0,0,0,0,0,0,1.2186666955535812,0,0,0,0,1.1773438808867127,0,0,0,0,0,0,0.7707524933080618,0.8325078419634814,0,0,0,0,0,0,0,0,0,0,0,2.6699649569399084,0,0,0,1.5732919388188813,0,0,0,0,0,1.2186666955535812,0,0,0,0,0,0,0,0,0,0,0,,"2016","North-Northeast","Fajardo","Palominos (2016)","Intermediate","2","2016Palominos (2016)2","2016_Palominos (2016)","2016_Fajardo","2016_North-Northeast"
0,0,0,0,0,0,0,0,0,0,0,0,0,0,0,0,1.2092630856636226,0,0,0,0,0,0,0,0,0,0,0,0,0,0,0,0,0,0,0,0,0,0,0,4.659376168191983,0,3.4367169831173534,0,0,0,0,0,0,0,0,0,0,0,0,0,0,0,0,0,0,0,0,0,0,0,0,0,0,0,0,0,0,2.0400930744774692,0,0,0,0,0,0,0,0,0,0,0,0,0,0,0,0,0,0,0,0,0,0,0,0,0,0,0,1.0605938867332434,0,0,0,0,0,0,0,0,0,0,0,0,0,0,0,0,0,0,0,0,0,0,0,0,0,0,0,0,0,0,0,0,0,0,0,0,0,0,0,0,0,0,0,0,0,0,0,0,0,0,0,0,0,0,0,0,0,0,0,0,0,0,0,0,0,0,0,0,0,1.2989569234058116,0,0,0,0,0,1.341556941811075,0,3.0738931174713597,0,0,0,0,0,0,0,0,0,0,0,3.7347364656614666,0,0.6707784709055375,0,0,0,0,0,0,0,2.5761735997789383,0,0,0,0,0,0,0,0,0,0,0,1.6430649841628988,0,0,0,0.5809111961158765,0,0,0,0,0,0,0,0,0,0,0,0,0,0,0,0,0,,"2016","North-Northeast","Fajardo","Palominos (2016)","Intermediate","3","2016Palominos (2016)3","2016_Palominos (2016)","2016_Fajardo","2016_North-Northeast"
0,0,0,0,0,0,0,0,0,0,0,0,0,0,0,0,0,0,0,0,0,0,0,0,0,0,0,0,0,0,0,0,0,0,0,0,0,0,0,0,6.141296055506468,0,2.8805232163619165,0,0,0,0,0,0,0,0,0,0,0,0,0,0,0,0,0,0,0,0,0,0,0,0,0,0,0,0,0,0,2.8805231804489004,0,0,0,0,0,0,0,0,0,0,0,0,0,0,0,0,0,0,0,0,0,0,0,0,0,0,0,0.6565321642986127,0,0,0,0,0,0,0,0,0,0,0,0,0,0,0,0,0,0,0,0,0,0,0,0,0,0,0,0,0,0,0,0,0,0,0,0,0,0,0,0,0,0,0,0,0,0,0,0,0,0,0,0,0,0,0,0,0,0,0,0,0,0,0,0,0,0,0,0,0,0,0,0,0,0,0,0,0,1.6738351585299651,0,0,0,0,0,0,0,0,0,0,0,4.7796263019410725,0,2.101928506937346,0,0,0,0,0,0,0,1.8569533817705184,0,0,0,0,0,0,0,0,1.3534757300092741,0,0,0.9284766908852592,0,0,0,0,0,0,0,0,0,0,0,0,0.0870988340711974,0.4642383454426296,0,0,0,0,0,0,0,,"2016","North-Northeast","Fajardo","Palominos (2016)","Intermediate","4","2016Palominos (2016)4","2016_Palominos (2016)","2016_Fajardo","2016_North-Northeast"
0,0,0,0,0,0,0,0,0,0,0,0,0,0,0,0,0,0,0,0,0,0,0,0,0,0,0,0,0,0,0,0,0,0,0,0,0,0,0,0,3.5767550897820013,0,5.598506943819933,0,0,0,0,0,0,0,0,0,0,0,0,0,0,0,0,0,0,0,0,0,0,0,0,0,0,0,0,0,0,2.2855810195691872,0,0,0,0,0,0,0,0,0,0,0,0,0,0,0,0,0,0,0,0,0,0,0,0,0,0,0,0,0,0,0,0,0,0,0,0,0,0,0,0,0,0,0,0,0,0,0,0,0,0,0,0,0,0,0,0,0,0,0,0,0.9235141930792202,0,0,0,0,0,0,0,0,0,0,0,0,0,0,0,0,0,0,0,0,0,0,0,0,0.7301020754057114,0,0,0,0,0,0,0,0,0,0,0,0,0,0,0,0,0,0.4617570965396101,0,3.361642404963475,0,0,0,0,0,0,0,0,0,0,0,0,0,0,0,0,0,0,0,0,0,1.3462417085129519,0,0,0,0,0,0,0,0,2.550136916764092,0,0,1.4602041508114227,0,0,0,1.2216944435630521,0,0,0,0,0,2.141079575448062,0,0,0,0,0,0,0,0,0,0,0,,"2016","North-Northeast","Fajardo","Palominos (2016)","Intermediate","5","2016Palominos (2016)5","2016_Palominos (2016)","2016_Fajardo","2016_North-Northeast"
0,0,0,0,0,0,0,0,0,0,0,0,0,0,0,0,4.428361955665956,0,0,0,0,0,0,0,0,0,0,0,0,0,0,0,0,0.9534625892455921,0,0,0,0,0,3.7451267035941553,0,0,6.486749731408024,2.8375954701028214,0,0,0,0,0,0,0,0,0,0,0,0,0,0,0,0,0,0,0,0,0,0,0,0,0,0,0,0,0,0,0,0,0,0,0,0,0,0,0,0,0,0,0,0,0,0,0,0,0,0,0,0,0,0,0,0,0,0,0,0,0,0.6241877839323592,0,0,0,0,0,0,0,0,0,0,0,0,0,0,0,0,0,0,0,0,0,0,0,0,0,0,0,0,0.5096471914376255,0.6241877839323592,0,0,0,0,0,0,0,0,0,0,0.5096471914376255,0,0,0,0,0,0,0,0,0,0,0,0,0,0,0,0,0,0,0,0,0,0,0,0,0,0,0,0,0,0,0,0,0,0,0,0,0,0,0,0,0,0,0,0,0,0,0,0,0,0,0,0,0,0,1.019294382875251,0,0,0,0,0,0,0,0,0,0,0,1.5708381417359545,0,0,0,0,0,1.8375590811245703,0,0,0.5096471914376255,1.2993504870941048,0,0,0,1.5289415743128765,0,0,0,0,0,0,1.5708381417359545,,"2018","North-Northeast","Fajardo","Cabezas de San Juan","Very Shallow","1","2018Cabezas de San Juan1","2018_Cabezas de San Juan","2018_Fajardo","2018_North-Northeast"
0,0,0,0,0,0,0,0,0,0,0,0,0,0,0,0,1.6169041669088866,0,0,0,0,0,0,0,0,0,0,0,0,0,0,0,0,0,0,0,0,0,0,6.262242910851495,0.7231015260621859,0,5.214359259166953,1.6568337391590284,0,0,0,0,0,0,0,0,0,0,0,0,0,0,0,0,0,0,0,0,0,0,0,0,0,0,0,0,0,0,0,0,0,0,0,0,0,0,0,0,0,0,0,0,0,0,0,0,0,0,0,0,0,0,0,0,0,0,0,0,0,0,0,0,0,0,0,0,0,0,0,0,0.5113099925649136,0,0,0,0,0,0,0,0,0,0,0,0,0,0,0.7231015260621871,0,0,0.6262242910851494,0,0,1.656833739159028,0,0,0,0,0,0,0,0,0,0,0,0,0,0,0,0,0,0,0,0,0,0,0,0,0,0,0,0,0,0,0,0,0,0,0,0,0,0,0,0,0,0,0,0,0,0,0,0,0,0,0,0,0,0,0,0,0,0,0,0,0,0,0,1.3527990831890464,0,0,0,0,0,0,0,0,0,0,0,0.7231015260621871,0,0,0,0,0,3.4108630767160055,0,0,0,1.3527990831890464,0,0,0,0.5113099925649136,0,0,0,0,0,0,1.1433239009500589,,"2018","North-Northeast","Fajardo","Cabezas de San Juan","Very Shallow","2","2018Cabezas de San Juan2","2018_Cabezas de San Juan","2018_Fajardo","2018_North-Northeast"
0,0,0,0,0,0,0,0,0,0,0,0,0,0,0,0,2.5855089930359125,0,0,0,0,0,0,0,0,0,0,0,0,0,0,0,0,0,0,0,0,0,0,4.462974861142163,0.7387168551531181,0,7.8003742870284976,0,0,0,0,0,0,0,0,0,0,0,0,0,0,0,0,0,0,0,0,0,0,0,0,0,0,0,0,0,0,0,0,0,0,0,0,0,0,0,0,0,0,0,0,0,0,0,0,0,0,0,0,0,0,0,0,0,0,0,0,0,0,0,0,0,0,0,0,0,0,0,0,0,0,0,0,0,0,0,0,0,0,0,0,0,0,0,0,1.3820126889090394,0.6397475627663495,0,0,0,0,0,0,0,0,0,0,0,0,0,0,0,0,0,0,0,0,0,0,0,0,0,0,0,0,0,0,0,0,0,0,0,0,0,0,0,0,0,0,0,0,0,0,0,0,0,0,0,0,0,0,0,0,0,0,0,0,0,0,0,0,0,0,0,0,1.0447033953111404,0,0,0,0,0,0,0,0,0,0,0,0.5223516976555702,0,0,0,0,1.279495125532699,0,0,0,0,1.8467921378827945,0,0,0,0,0,0,0,0,0,0,0,,"2018","North-Northeast","Fajardo","Cabezas de San Juan","Very Shallow","3","2018Cabezas de San Juan3","2018_Cabezas de San Juan","2018_Fajardo","2018_North-Northeast"
0,0,0,0,0,0,0,0,0,0,0,0,0,0,0,0,2.6636529154683415,0,0,0,0,0,0,0,0,0,0,0,0,0,0,0,0,0,0,0,0,0,0,4.171683726481249,0,0,7.056854595862705,0.5174336838042252,0,0,0,0,0,0,0,0,0,0,0,0,0,0,0,0,0,0,0,0,0,0,0,0,0,0,0,0,0,0,0,0,0,0,0,0,0,0,0,0,0,0,0,0,0,0,0,0,0,0,0,0,0,0,0,0,0,0,0,0,0,0.5174336838042218,0,0,0,0,0,0,0,0,0,0,1.319202225353963,0,0,0,0,0,0,0,0,0,0,0,0,0,0,0,0,0,0.5174336838042218,0,0,0,0.6337242505244778,0,0,0,0,0,0,0,0,0,0,0,0,0,0,0,0,0,0,0,0,0,0,0,0,0,0,0,0,0,0,0,0,0,0,0.5174336838042218,0,0,0,0.5174336838042218,0,0,0,0,0,0,0,0,1.5523010514126654,0,0,0,0,0,0,0,0,0,0,0,0,0,0,0,0,0,0,0,0,0,0,0,0,0,0,1.319202225353963,0,0,0,0,0,0,0,0,0.5174336838042218,3.766974078509964,0,0,0,0,0,0,0,0,0,0,0,,"2018","North-Northeast","Fajardo","Cabezas de San Juan","Very Shallow","4","2018Cabezas de San Juan4","2018_Cabezas de San Juan","2018_Fajardo","2018_North-Northeast"
0,0,0,0,0,0,0,0,0,0,0,0,0,0,0,0,3.431080828732957,0,0,0,0,0,0,0,0,0,0,0,0,0,0,0,0,0.6229753753083832,0,0,0,0,0,4.492339318051597,1.137392219422161,0,6.504053865723106,1.72494070618232,0,0,0,0,0,0.5086572639414618,0,0,0,0,0,0,0,0,0,0,0,0,0,0,0,0,0,0,0,0,0,0,0,0,0,0,0,0,0,0,0,0,0,0,0,0,0,0,0,0,0,0,0,0,0,0,0,0,0,0,0,0,0,0,0,0,0,0,0,0,0,0,0,0,0,0,0,0,0,0,0,0,0,0,0,0,0,0,0,0,0,1.567786980276317,0,0,0,0,0,0,0,0,0,0,0,0,0,0,0,0,0,0,0,0,0,0,0,0,0,0,0,0,0,0,0,0,0,0,0,0,0,0,0,0,1.0173145278829236,0,0,0,0,0,0,0,0,0,0,0,0,0,0,0,0,0,0,0,0,0,0,0,0,0,0,0,0,0,0,0,0,0,0,0,0,0,0,0,0,1.567786980276317,0,0,0,0,1.0173145278829236,3.114876876541916,0,0,0,0,0,0,0,0.8810202247855845,0,0,0,0,0,0,0,,"2018","North-Northeast","Fajardo","Cabezas de San Juan","Very Shallow","5","2018Cabezas de San Juan5","2018_Cabezas de San Juan","2018_Fajardo","2018_North-Northeast"
0,0,0,0,0,0,0,0,0,0,0,0,0,0,0,0,0.5984162924644012,0,0,0,0,0,2.467333581921236,0,0,0,0,0,0,0,0,0,0,0,0,0,0,0,0,5.549484397803837,1.8923584731409635,0,0,5.077730620489085,0,0,0,0,0,0,0,0,0,0,0,0,0,0,0,0,0,0,0,0,0,0,0,0,0,0,0,0,0,0.9461792365704816,0,0,0,0,0,0,0,0,0,0,0,0,0,0,0,0,0,0,0,0,0,0,0,0,0,0,0,0,0,0,0.8976244386966018,0,0,0,0,0,0,0,0,0,0,0,0,0,0,0,0,0,0,0,0,0,0,0,0,0,0,0,0,0,0,0,0,0,0,0,0,0,0,0,0,0,0,0,0,0,0,0,0,0,0,0,0,0,0,0,0,0,0,0,0,0,0,0,0,0,0,0,0,0,0,0,0,0.5984162924644012,0,0,0,0,0.4231442183740904,0,0,0,0,0,0,0,0,0,0,0,0,0,0,0,0,0,0,0,0,0,0,0,0,0,0,2.412293195314605,3.4376398807707758,2.4491242291285604,0,1.1588281674069065,0,0,0,1.2336667909606178,0,0,0,0,0,0,0,0,0,2.3748910355251516,0,0,0,0,0,0,0.9923611552700002,,"2018","North-Northeast","Fajardo","Cayo Diablo (2016)","Very Shallow","1","2018Cayo Diablo (2016)1","2018_Cayo Diablo (2016)","2018_Fajardo","2018_North-Northeast"
0,0,0,0,0,0,0,0,0,0,0,0,0,0,1.5357377920848778,0,1.5357377920848778,4.233736919305071,0.6868028197434451,0.8411582311380664,0,0,1.0302042296151677,0,0,0,0,0,0,0,0,0,0,0,0,0,0,0,0,5.997247796454259,0,0,0,4.163520825020257,0,0,0,0,0,0,0,0,0,0.4856429311786321,0,0,0,0,0,0,0,0,0,0,0,0,0,0,0,0,0,0,0,0.5947886892886081,0.7678688960424389,0,0,0,0,0,0,0,0,0,0,0,0,0,0,0,0,0,0,0,0,0,0,0,0,0,0,0,0,0,0,0,0,0,0,0,0,0,0,0,0,0,0,0,0,0,0,0,0,0,0,0,0,0,0,0,0,0,0,0,0,0,0,0,0,0,0,0,0,0,0,0,0,0,0,0,0,0,0,0,0,0,0,0,0,0,0,0,0,0,0,0,0,0,0,0,0,0,0,0,0,0,0,0,0,0,0,0,0,0,0,0,0,0,0,0,0,0,0,0,0,0,0,0,0,0,0,0,0,0,0,0,0,0,0,0,2.5926237893700557,2.5926237893700557,0,0,0,0,0,1.2381513913591213,0,0,0,0,0,0,0,0,0,0,0,0,0,0,0,0,0,,"2018","North-Northeast","Fajardo","Cayo Diablo (2016)","Very Shallow","2","2018Cayo Diablo (2016)2","2018_Cayo Diablo (2016)","2018_Fajardo","2018_North-Northeast"
0,0,0,0,0,0,0,0,0,0,0,0,0,0,0,0,2.485915380880628,0,0,0,0,0,1.0056022847309865,0,0,0,0,0,0,0,0,0,0,0,0,0,0,0,0,6.853031806713013,0,0,1.2542064056068158,4.173215826802953,0,0,0,0,0,0,0,0,0,0,0,0,0,0,0,0,0,0,0,0,0,0,0,0,0,0,0,0,0,0,0,0,0,0,0,0,0,0,0,0,0,0,0,0,0,0,0,0,0,0,0,0,0,0,0,0,0,0,0,0,0,0,0,0,0,0,0,0,0,0,0,0,0,0,0,0,0,0,0,0,0,0,0,0,0,0,0,0,0,0,0,0,0,0,0,0,0,0,0,0,0,0,0,0,0,0,0,0,0,0,0,0,0,0,0,0,0,0,0,0,0,0,0,0,0,0,0,0,0,0.47404546313997725,0.47404546313997725,0,0,0,0,0,0,0,0.5805847497871377,0,0,0,0,0,0,0,0,0,0,0,0,0,0,0,0,0,0,0,0,0,0,0,0,0,0,0,0,0,0,0,0,0,0,2.4632124817678807,0,0,0,0,0,0,0,0,0,0,0,0,0,0,0,0,1.4990633779917228,,"2018","North-Northeast","Fajardo","Cayo Diablo (2016)","Very Shallow","3","2018Cayo Diablo (2016)3","2018_Cayo Diablo (2016)","2018_Fajardo","2018_North-Northeast"
0,0,0,0,0,0,0,0,0,0,0,0,0,0,0,0,2.6582665698377426,1.034728858959278,0,0,0,0,1.034728858959278,0,0,0,0,0,0,0,0,0,0,0,0,0,0,0,0,5.76112646610524,0,0,0,4.962385279878306,0,0,0,0,0,0,0,0,0,0,0,0,0,0,0,0,0,0,0,0,0,0,0,0,0,0,0,0,0,0,0,0,0,0,0,0,0,0,0,0,0,0,0,0,0,0,0,0,0,0,0,0,0,0,0,0,0,0,0,0,0,0,0,0,0,0,0,0,0,0,0,0,0,0,0,0,0,0,0,0,0,0,0,0,0,0,0,0,0,0,0,0,0,0,0,0,0,0,0,0,0,0,0,0,0,0,0,0,0,0,0,0,0,0,0,0,0,0,0,0,0,0,0,0,0,0,0,0,0,0,0,0,0,0,0,0,0,0,0,0,0,0,0,0,0,0,0,0,0,0,0,0,0,0,0,0,0,0,0,0,0,0,0,0,0,0,4.474529391593184,4.474529391593184,0,0.6544199910036884,0,0,0,0.6544199910036884,0,0,0,0,0,0,0,0,0,0,0,0,0,0,0,0,0,,"2018","North-Northeast","Fajardo","Cayo Diablo (2016)","Very Shallow","4","2018Cayo Diablo (2016)4","2018_Cayo Diablo (2016)","2018_Fajardo","2018_North-Northeast"
0,0,0,0,0,0,0,0,0,0,0,0,0,0,0,0,1.9532693219770558,1.002006020070253,0,0,0,0,2.3711790231526924,0,0,0,0,0,0,0,0,0,0,0,0,0,0,0,0,4.898569580575841,1.7924428597928836,0,2.8341010063256786,5.62374483988173,0,0,0,0,0,0,0,0,0,0,0,0,0,0,0,0,0,0,0,0,0,0,0,0,0,0,0,0,0,0,1.3443321448446623,0,0,0,0,0,0,0,0,0,0,0,0,0,0,0,0,0,0,0,0,0,0,0,0,0,0,0,0,0,0,0,0,0,0,0,0,0,0,0,0,0,0,0,0,0,0,0,0,0,0,0,0,0,0,0,0,0,0,0,0,0,0,0,0,0,0,0,0,0,0,0,0.6337242505244779,0,0,0,0,0,0,0,0,0,0,0,0,0,0,0,0,0,0,0,0,0,0,0,0,0,0,0.44721359549995793,0,0,0,0.5488212999484517,0,0,0,0,0,0,0,0,0,0,0,0,0,0,0,0,0,0,0,0,0,0,0,0,0,0,0,0,0,0,0,0,3.246870597159486,3.246870597159486,0,0,0,0,0,1.1855895115763462,0,0,0,0,0,0,0,0,0,0,0,0,0,0,0,0,0,,"2018","North-Northeast","Fajardo","Cayo Diablo (2016)","Very Shallow","5","2018Cayo Diablo (2016)5","2018_Cayo Diablo (2016)","2018_Fajardo","2018_North-Northeast"
0,0,0,0,0,0,0,0,0.6900655593423543,0,0,0,0,0,0,0,0,0,0,0,0,0,0,0,0,0,0,0,0,0,0,0,0,0,0,0,0,0,0,0.4879500364742666,1.6903085094570331,0,1.1952286093343936,4.445436397239844,0,0,0,0,0,0,0,0,0,0,0,0,0,0,0,0,0,0,0,0,0,0,0,0,0,0,0,0,0,0,0,0,0,0,0,0,0,0,0,0,0,0,0,0,0,0,0,0,0,0,0,0,0,0,0,0,0,0,0,0,0,0,0,0,0,0,0,0,0,0,0,0,0,0,0,0,0,0,0,0,0,0,0,0,0,0,0,0,0,0,0,0,0,0,0,0,0,0,0,0,0,0,0,0,0,0,0,0,0,0,0,0,0,0,0,0,0,0,0,0,0,0,0,0,0,0,0,0,0,0,0,0,0,0,0,0,0,0,0,0,0,0,0,0,0,0,0,0,0,0,0,0,0,0,0,0,0,0,0,0,0,0,0,0,0,4.551294949163998,4.551294949163998,0,0,1.091089451179962,0,0,0,4.239833779311458,0,2.1547290184283368,0,0,0,0,0,0,0,0,0,0,0,0,0,0,0,,"2018","North-Northeast","Vega Baja","Cibuco (2013)","Shallow","1","2018Cibuco (2013)1","2018_Cibuco (2013)","2018_Vega Baja","2018_North-Northeast"
0,0,0,0,0,0,0,0,0.4649905549752772,0,0,0,0,1.2734290799340267,0,0,0.7352146220938078,0,0,0,0,0,0,0,0,0,0,0,0,0,0,0,0,0,0,0,0,0,0.5694947974514996,0.5694947974514994,1.9451950503185496,0,2.711337557618261,5.135988549284197,0,0,0,0,0,0,0,0,0,0,0,0,0,0,0,0,0,0,0,0,0,0,0,0,0,0,0,0,0,0,0,0,0,0,0,0,0,0,0,0,0,0,0,0,0,0,0,0,0,0,0,0,0,0,0,0,0,0,0,0,0,0,0,0,0,0,0,0,0,0,0,0,0,0,0,0,0,0,0,0,0,0,0,0,0,0,0,0,0,0,0,0,0,0,0,0,0,0,0,0,0,0,0,0,0,0,0,0,0,0,0,0,0,0,0,0,0,0,0,0,0,0,0,0,0,0,0,0,0,0,0,0,0,0.4649905549752772,0,0,0,0,0,0,0,0,0,0,0,0,0,0,0,0,0,0,0,0,0,0,0,0,0,0,0,0,0,0,0,0,0,0,0,0,0,0,0,6.802225391022431,0,0.9863939238321439,0,0,0,0,0,0,0,0,0,0,0,0,0,0,0,,"2018","North-Northeast","Vega Baja","Cibuco (2013)","Shallow","2","2018Cibuco (2013)2","2018_Cibuco (2013)","2018_Vega Baja","2018_North-Northeast"
0,0,0,0,0,0,0,0,0,0,0,0,0,0,0,0,0,0,0,0,0,0,0,0,0,0,0,0,0,0,0,0,0,0,0,0,0,0,0,0.8013749652081635,0.7419290502442469,0,3.3864273073929816,4.817780523676014,0,0,0,0,0,0,0,0,0,0,0,0,0,0,0,0,0,0,0,0,0,0,0,0,0,0,0,0,0,0,2.0976176963403033,0,0,0,0,0,0,0,0,0,0,0,0,0,0,0,0,0,0,0,0,0,0,0,0,0,0,0,0,0,0,0,0,0,0,0,0,0,0,0,0,0,0,0,0,0,0,0,0,0,0,0,0,0,0,0,0,0,0,0,0,0,0,0,0,0,0,0,0,0,0,0,0,0,0,0,0,0,0,0,0,0,0,0,0,0,0,0,0,0,0,0,0,0,0,0,0,0,0,0,0,0,0,1.8424156460592807,0,0,0,0,0,0,0,0,0,0,0,0,0,0,0,0,0,0,0,0,0,0,0,0,0,0,0,0,0,0,0,2.998470558146835,3.867056818869742,2.4419874594873696,0,1.7134117475124773,0,0,0,4.086226585301165,0,2.306751160708756,0,0,0,0,0,0,0,0.9086737992230739,0,0,0,0,0,0,0.8013749652081635,,"2018","North-Northeast","Vega Baja","Cibuco (2013)","Shallow","3","2018Cibuco (2013)3","2018_Cibuco (2013)","2018_Vega Baja","2018_North-Northeast"
0,0,0,0,0,0,0,0,0,0,0,0,0,1.002006020070253,0,0,1.002006020070253,0,0,0,0,0,0,0,0,0,0,0,0,0,0,0,0,0,0,0,0,0,0,0.9505863757867168,0,0,3.4710506725031163,3.6127840836868956,0,0,0,0,0,0,0,0,0,0,0,0,0,0,0,0,0,0,0,0,0,0,0,0,0,0,0,0,0,0,0,0,0,0,0,0,0,0,0,0,0,0,0,0,0,0,0,0,0,0,0,0,0,0,0,0,0,0,0,0,0,0,0,0,0,0,0,0,0,0,0,0,0,0,0,0,0,0,0,0,0,0,0,0,0,0,0,0,0,0,0,0,0,0,0,0,0,0,0,0,0,0,0,0,0,0,0,0,0,0,0,0,0,0,0,0,0,0,0,0,0,0,0,0,0,0,0,0,0,0,0,0,0,0.4481107149482208,0,0,0,0,0,0,0,0,0,0,0,0,0,0,0,0,0,0,0,0,0,0,0,2.0778039070868117,0,0,0,0,0,0,0,3.944901645920204,5.059882373984025,3.1686212526223896,0,0,0,0,0,0,0,0,0,0,0,0,0,0,0,0,0,0,0,0,0,0,0,,"2018","North-Northeast","Vega Baja","Cibuco (2013)","Shallow","4","2018Cibuco (2013)4","2018_Cibuco (2013)","2018_Vega Baja","2018_North-Northeast"
0,0,0,0,0,0,0,0,0,0,0,0,0,0,0,0,0,0,0,0,0,0,0,0,0,0,0,0,0,0,0,0,0,0,0,0,0,0,0,0.7542070099643787,1.0666097823284846,0,5.1485332636373675,4.487373259639883,0,0,0,0,0,0,0,0,0,0,0,0,0,0,0,0,0,0,0,0,0,0,0,0,0,0,0,0,0,0,0,0,0,0,0,0,0,0,0,0,0,0,0,0,0,0,0,0,0,0,0,0,0,0,0,0,0,0,0,0,0,0,0,0,1.307669683062202,0,0,0,0,0,0,0,0,0,0,0,0,0,0,0,0,0,0,0,0,0,0,0,0,0,0,0,0,0,0,0.9539392014169457,0,0,0,0,0,0,0,0,0,0,0,0,0,0,0,0,0,0,0,0,0,0,0,0,0,0,0,0,0,0,0,0,0,0,0,0,0,0,0,0,0,0,0,0,0,0,0,0,0,0,0,0,0,0,0,0,0,0,0,0,0,0,0,0,0,0,0,0,0,3.5375444457062284,4.781934148224149,3.2175570690518036,0,0,0,0,0,0,0,2.740170144937754,0,0,0,0,0,0,0,0,0,0,0,0,0,0,1.617593825360767,,"2018","North-Northeast","Vega Baja","Cibuco (2013)","Shallow","5","2018Cibuco (2013)5","2018_Cibuco (2013)","2018_Vega Baja","2018_North-Northeast"
0,0,0,0,0,0,0,0,0,0,0,0,0,0,0,0,0,0,0,0,0,0,0,0,0,0,0,0,0,0,0,0,0,0,0,0,0,0,0,0,0,0,0,4.53945972122999,0,0,0,0,0,0,0,0,0,0,0,0,0,0,0,0,0,0,0,0,0,0,0,0,0,0,0,0,0,0,0,0,0,0,0,0,0,0,0,0,0,0,0,0,0,0,0,0,0,0,0,0,0,0,0,0,0,0,0,0,0,0,0,0,0,0,0,0,0,0,0,0,0,0,0,0,0,0,0,0,0,0,0,0,0,0,0,0,0,0,0,0,0,0,0,0,0,0,0,0,0,0,0,0,0,0,0,0,0,0,0,0,0,0,0,0,0,0,0,0,0,0,0,0,0,0,0,0,0,0,0,8.384085342438297,0,0.7231960676754647,0,0,0,0,0,0,0,0,0,0,0,0,0,0,0,0,0,0,0,0,0,0,0,0,0,0,0,0,0,0,0,0,0,0,0,0,0,0,0,0,0.6468462273531509,0.7231960676754647,0,0,0,0,0,0,0,0,0,0,0,0,0,0,1.551082763938074,,"2018","North-Northeast","San Juan","Dominos","Very Shallow","1","2018Dominos1","2018_Dominos","2018_San Juan","2018_North-Northeast"
0,0,0,0,0,0,0,0,0,0,0,0,0,0,0,0,2.402794306490431,0,0,0,0,0,0,0,0,0,0,0,0,0,0,0,0,0,0,0,0,0,0,0,0.9901475429766743,0,0,4.525406372055886,0,0,0,0,0,0,0,0,0,0,0,0,0,0,0,0,0,0,0,0,0,0,0,0,0,0,0,0,0,0,0,0,0,0,0,0,0,0,0,0,0,0,0,0,0,0,0,0,0,0,0,0,0,0,0,0,0,0,0,0,0,0,0,0,0,0,0,0,0,0,0,0,0,0,0,0,0,0,0,0,0,0,0,0,0,0,0,0,0,0,0,0,0,0,0,0,0,0,0,0,0,0,0,0,0,0,0,0,0,0,0,0,0,0,0,0,0,0,0,0,0,0,0,0,0,0,0,0,0,0,0,7.775443160352295,0,0,0,0,0,0,0,0,0,0,0,0,0,0,0,0,0,0,0,0,0,0,0,0,0,0,0,0,0,0,0,0,0,0,0,0,0,0,0,0,0,0,0.6600983619844495,0.9901475429766743,0,0,0,0,0,0,0,0,0,0,0,0,0,0,0,,"2018","North-Northeast","San Juan","Dominos","Very Shallow","2","2018Dominos2","2018_Dominos","2018_San Juan","2018_North-Northeast"
0,0,0,0,0,0,0,0,0,0,0,0,0,0,0,0,2.8124019129160773,0,0,0,0,0,0,0,0,0,0,0,0,0,0.582222509739582,0,0,0,0,0,0,0,0,0,0.6722926454528143,0,0,4.395683553021656,0,0,0,0,0,0,0,0,0,0,0,0,0,0,0,0,0,0,0,0,0,0,0,0,0,0,0,0,0,0,0,0,0,0,0,0,0,0,0,0,0,0,0,0,0,0,0,0,0,0,0,0,0,0,0,0,0,0,0,0,0,0,0,0,0,0,0,0,0,0,0,0,0,0,0,0,0,0,0,0,0,0,0,0,0,0,0,0,0,0,0,0,0,0,0,0,0,0,0,0,0,0,0,0,0,0,0,0,0,0,0,0,0,0,0,0,0,0,0,0,0,0,0,0,0,0,0,0,0,0,0,6.663841209168848,0,0,0,0,0,0,0,0,0,0,0,0,0,0,0,0,0,0,0,0,0,0,0,0,0,0,0,0,0,0,0,0,0,0,0,0,0,0.9507653770830568,0,0,0,0.582222509739582,0,2.987733869058016,0,0,0.4753826885415284,0,0,0,0,0,0,0,0,0,0,0,1.1148712271412087,,"2018","North-Northeast","San Juan","Dominos","Very Shallow","3","2018Dominos3","2018_Dominos","2018_San Juan","2018_North-Northeast"
0,0,0,0,0,0,0,0,0,0,0,0,0,0,0,0,1.3897231638362384,0,0,0,0,0,0,0,0,0,0,0,0,0,0,0,0,0,0,0,0,0,0,0,1.3897231638362384,0,0,5.767304619586805,0,0,0,0,0,0,0,0,0,0,0,0,0,0,0,0,0,0,0,0,0,0,0,0,0,0,0,0,0,0,0,0,0,0,0,0,0,0,0,0,0,0,0,0,0,0,0,0,0,0,0,0,0,0,0,0,0,0,0,0,0,0,0,0,0,0,0,0,0,0,0,0,0,0,0,0,0,0,0,0,0,0,0,0,0,0,0,0,0,0,0,0,0,0,0,0,0,0,0,0,0,0,0,0,0,0,0,0,0,0,0,0,0,0,0,0,0,0,0,0,0,0,0,0,0,0,0,0,0,0,0,5.07455150347037,0,0,0,0,0,0,0,0,0,0,0,0,0,0,0,0,0,0,0,0,0,0,0,0,0,0,0,0,0,0,0,0,0,0,0,0,0,0.8666446569231191,0,0,0,0.6551217820804184,1.6047140854798214,3.0199621974156803,0,0,0,0,0,0,0,0,0,0,0,0,0,0,0,,"2018","North-Northeast","San Juan","Dominos","Very Shallow","4","2018Dominos4","2018_Dominos","2018_San Juan","2018_North-Northeast"
0,0,0,0,0,0,0,0,0,0,0,0,0,0,0,0,2.336346567579989,0,0,0,0,0,0,0,0,0,0,0,0,0,0,0,0,0,0,0,0,0,0,0,0.8741808392649608,0,0,4.753762012880869,0,0,0,0,0,0,0,0,0,0,0,0,0,0,0,0,0,0,0,0,0,0,0,0,0,0,0,0,0,0,0,0,0,0,0,0,0,0,0,0,0,0,0,0,0,0,0,0,0,0,0,0,0,0,0,0,0,0,0,0,0,0,0,0,0,0,0,0,0,0,0,0,0,0,0,0,0,0,0,0,0,0,0,0,0,0,0,0,0,0,0,0,0,0,0,0,0,0,0,0,0,0,0,0,0,0,0,0,0,0,0,0,0,0,0,0,0,0,0,0,0,0,0,0,0,0,0,0,0,0,0,7.839826662373976,0,0,0,0,0,0,0,0,0,0,0,0,0,0,0,0,0,0,0,0,0,0,0,0,0,0,0,0,0,0,0,0,0,0,0,0,0,0.9345386270319954,0,0,0,0,0.8741808392649608,1.2362783988552022,0,0,0,0,0,0,0,0,0,0,0,0,0,0,0,,"2018","North-Northeast","San Juan","Dominos","Very Shallow","5","2018Dominos5","2018_Dominos","2018_San Juan","2018_North-Northeast"
0,0,0,0,0,0,0,0,0,0,0.6722926454528143,1.7140166590044073,0,0,0,0,0,2.949672010877042,0,0,0,0,0,0,0,0,0,0.6722926454528143,2.6037782196164776,0,0,0,0,0,0,0,0,0,0,5.272249061784878,0,0,1.0629880069054678,3.0991159665316337,0,0,0,0,0,0,0,0,0,0,0.4753826885415284,0,0,0,0,0,0,0,0,0,0,0,0,0,0,0,0,0,0,1.164445019479164,1.6121011309769544,0,0,0,0,0,0,0,0,0,0,0,0,0,0,0,0,0,0,0,0,0,0,0,0,0,0,1.503292056005658,0,0,0,0,0,0,0,0,0,0,0,0,0,0,0,0,0,0,0,0,0,0,0,0,0,0,0,0,0,0,0,0,0,0,0,0,0,0,0,0,0,0,0,0,0.8893595740629329,0,0,0,0,0,0,0,0,0,0,0,0,0,0,0,0,0,0,0,0,0,0,0,0,0,0,0,0,0,0,0,0,0,0,0,0,0,0,0,0,0,0,0,0,0,0,0,0,0,0,0,0,0,0,0,0,0,0,0,0,0,0,0,4.997174342809083,4.29162895600787,2.5600141242548218,0.751646028002829,0,0,0,0.582222509739582,0,0,0,0,0,2.3045030838071874,0,0,0,0,0,0,0,0,0,0,0,,"2018","North-Northeast","Fajardo","Palominitos (2016)","Shallow","1","2018Palominitos (2016)1","2018_Palominitos (2016)","2018_Fajardo","2018_North-Northeast"
0,0,0,0,0,0,0,0,0,0,0,2.1063855459671634,0,0,0,0,0,2.5014216663076803,0,0,0,0,0,0,0,0,0,0,0,0,0,0,0,0,0,0,0,0,0,6.182657678757271,0,0,0,2.6558369400444493,0,0,0,0,0,0,0,0,0,0,0,0,0,0,0,0,0,0,0,0,0,0,0,0,0,0,0,0,0,0,2.677169306353363,0,0,0,0,0,0,0,0,0,0,0,0,0,0,0,0,0,0,0,0,0,0,0,0,0,0,0,0,0,0,0,0,0,0,0,0,0,0,0,0,0,0,0,0,0,0,0,0,0,0,0,0,0,0,0,0,0,0,0,0,0,0,0,0,0,0,0,0,0,0,0,0.3372916286774424,0,0,0,0,0,0,0,0,0,0,0,0,0,0,0,0,0,0,0,0,0,0,0,0,0,0,0,0,0,0,0,0,0,0,0,0,0,0,0,0,0,0,0,0,0,0,0,0,0,0,0,0,0,0,0,0,0,0,0,0,0,0,2.719332046740947,5.511390624983899,4.7938147482697016,0,1.118669777250954,0,0,0,0,0,0,0,0,0,0,0,0,0,0.584206237836986,0,0,0,0,0.477002395750549,0,0,,"2018","North-Northeast","Fajardo","Palominitos (2016)","Shallow","2","2018Palominitos (2016)2","2018_Palominitos (2016)","2018_Fajardo","2018_North-Northeast"
0,0,0,0,0,0,0,0,0,0,0,0,0,0,0,0,1.7878330548357892,1.7360007575277687,0,0,0,0,0,0,0,0,0,0,0,0,0,0,0,0,0,0,0,0,0,6.750613028141057,0,0,0,1.8872317917035095,0,0,0,0,0,0,0,0,0,0,0,0,0,0,0,0,0,0,0,0,0,0,0,0,0.4273738431706882,0,0,0,0,0.675737378399486,2.2411673409695028,0,0,0,0,0,0,0,0,0,0,0,0,0,0,0,0,0,0,0,0,0,0,0,0,0,0,0,0,0,0,0,0,0,0,0,0,0,0,0,0,0,0,0.6043978852154994,0,0,0,0,0,0,0,0,0,0,0,0,0,0,0,0,0,0,0,0,0,0,0,0,0,0,0,0,0,0,0,0,0,0,0,0,0,0.675737378399486,0,0,0.4273738431706882,0,0,0,0,0,0,0,0,0,0,0,0,0,0,0,0,0,0,0,0,0,0,0,0,2.455075815585737,0,0,0,0,0,0,0,0,0,0,0,0,0,0,0,0,0,0,0,0,0,0,0,0,0,3.4588249911833793,4.400083021217589,2.5463735517084256,0.9556369651349932,1.9584729863738646,0,0,0,0.9065968278232491,0,0,0,0,0,0,0,0,0,0,0,0,0,0,0,0,0,,"2018","North-Northeast","Fajardo","Palominitos (2016)","Shallow","3","2018Palominitos (2016)3","2018_Palominitos (2016)","2018_Fajardo","2018_North-Northeast"
0,0,0,0,0,0,0,0,0,0,0,0,0,0,0,0,1.9453543815266074,2.003437413020409,0,0,0,0,0,0,0,0,0,0,0,0,0,0,0,0,0,0,0,0,0,5.70690873761352,0,0.8959644488359912,0,3.9637115402501135,0,0,0,0,0,0.5865464152543313,0,0,0,0,0,0,0,0,0,0,0,0,0,0,0,0,0,0,0.5865464152543313,0,0,0,0,0,2.83328836085913,0,0,0,0,0,0,0,0,0,0,0.47891314261057566,0,0,0,0,0,0,0,0,0,0,0,0,0,0,0,0,0,0,0,0,0,0,0,0,0,0,0,0,0,0,0,0,0,0,0,0,0,0,0,0,0,0,0,0,0,0,0,0,0.8295018954139965,0,0,0,0,0,0,0,0,0,0,0,0,0,0,0,0,0,0,0,0,0,0,0,0.47891314261057566,0,0,0,0,0,0,0,0,0,0,0,0,0,0,0,0,0,0,0,0,0,0,0,0,2.6231153129350084,0,0,0,0,0,0,0,0,0,0,0,0,0,0,0,0,0,0,0,0,0,0,0,0,0,0,4.256673120530383,4.049578072936407,1.3115576564675042,2.709141845914385,0,0,0,0.5865464152543313,0,0,0,0,0,0,0,0,0,0,0,0,0,0,0,0,0,,"2018","North-Northeast","Fajardo","Palominitos (2016)","Shallow","4","2018Palominitos (2016)4","2018_Palominitos (2016)","2018_Fajardo","2018_North-Northeast"
0,0,0,0,0,0,0,0,0,0,0.6933752452815364,2.557041559783794,0,0,0,0,1.0284416890093029,1.4209964001470126,0,0,0,0,0.5370861555295746,0.7595545253127499,0,0,0,0,0,0,0,0,0,0,0,0,0,0,0,7.19909182306512,0,0,0,1.3155870289605438,0,0,0,0,0,0,0,0,0,0,0,0,0.6201736729460422,0,0,0,0,0,0,0,0,0,0,0,0.43852900965351455,0,0,0,0,0,1.5504341823651058,0,0,0,0,0,0,0,0,0,0,0,0,0,0,0,0,0,0,0,0,0,0,0,0,0,0,0,0,0,0,0,0,0,0,0,0,0,0,0,0,0,0,0,0,0,0,0,0,0,0,0,0,0,0,0,0,0,0,0,0,0,0,0,0,0,0,0,0,0,0,0,0.5370861555295746,0,0,0,0,0,0,0,0,0.43852900965351455,0,0,0,0,0,0,0,0,0,0,0,0,0,0,0,0,0,0,0,0,0,0,0,0,0,0,0.5370861555295746,0,0,0,0,0,0,0,0,0,0,0,0,0,0,0,0,0,0,0,0,0,0,0,0,0,0,0,2.1483446221182985,2.1483446221182985,0,2.3818221854447748,0,0,0,0.43852900965351455,0,0,0,0,0,0,0,0,0,0,0,0,0,0,0.5370861555295746,0,0,,"2018","North-Northeast","Fajardo","Palominitos (2016)","Shallow","5","2018Palominitos (2016)5","2018_Palominitos (2016)","2018_Fajardo","2018_North-Northeast"
0,0,0,0,0,0,0,0,0,0,0,0,0,0,0,0,1.5741270934059584,0,0,0,0,0,0,0,0,0,0,0,0,0,0,0,0,0,0,0,0,0,0,2.644078372983274,0,0,1.2265499495581345,6.038226311687103,0,0,0,0,0,0,0,0,0.4207031619116713,0,0,0,0,0,0,0,0,0,0,0,0,0,0,0,0.4207031619116713,0,0,0,0,1.5741270934059584,1.1899282346174593,0,0,0,0,0,0,0,0,0,0,0.9407208683835974,0,0,0.5152540399295447,0,0,0,0,0,0,0,0,0.5152540399295447,0,0,0.5152540399295447,0,0,0,0,0.7286792513358904,0,0,0,0,0,0,0,0,0,0,0,0,0,0,0,0,0,0,0,0,0,0,0,0,0,0,0,0,0.4207031619116713,0,0,0,0,0,0,0,0,0,0,0,0,0,0,0,0,0,0,0,0,0.5152540399295447,0,0,0.7286792513358904,0,0,0,0,0,0,0,0,0,0,0,0,0,0,0.4207031619116713,0,0,0,0,0,4.057114367521631,0,0.7286792513358904,0,0,0,0,0,0,0,0,0,0,0,0,0,0,0,0,0,0,0,1.1521430589638528,0,0,0,0,0,0,0,0,1.2966942311908156,1.2966942311908156,0,2.416755669198227,0,0,0,0.6651901052377394,0,0,0.4207031619116713,0,0,0.9407208683835974,0,1.0305080798590893,0,0,0,0,0,0,0,0,0,,"2018","North-Northeast","Fajardo","Palominos (2016)","Intermediate","1","2018Palominos (2016)1","2018_Palominos (2016)","2018_Fajardo","2018_North-Northeast"
0,0,0,0,0,0,0,0,0,0,0,0,0,0,0,0,1.5617376188860606,0,0,0,0,0,0,0,0,0,0,0,0,0,0,0,0,0,0,0,0,0,0,3.888695310706689,0,0,1.8740851426632728,5.89336129191764,0,0,0,0,0,0,0,0,0.6246950475544242,0,0,0,0,0,0,0,0,0,0,0,0,0,0,0,0,0,0,0,0,1.3614912914100352,2.0242433093898957,0,0.6246950475544242,0,0,0,0,0,0,0,0.8263938705413374,0,0,0,0.5410017808004594,0,0,0,0,0,0,0,0,0,0,0,0,0,0,0,0,0,0,0,0,0,0,0,0,0,0,0,0,0,0,0,0,0,0,0,0,0,0,0,0,0,0,0,0.5410017808004594,0,0.5410017808004594,0,0,0,0,0,0,0,0,0,0,0,0.5410017808004594,0,0,0,0,0,0,0,0,0,0,0,0,0,0,0,0,0,0,0,0,0,0,0,0.6246950475544242,0,0,0,0,0,0,0,0,2.7229825828200704,0,0,0,0,0,0,0,0,0,0,0,0,0,1.2097167578182677,0,0,0,0,0,0,0.9877295966495896,0.7650920556760059,0,0,0,0,0,0,0,0,0,0,0,2.4594268616498596,0,0,0,1.6527877410826748,0,0,0,0,0,1.2097167578182677,0,0,0,0,0,0,0,0,0,0,0,,"2018","North-Northeast","Fajardo","Palominos (2016)","Intermediate","2","2018Palominos (2016)2","2018_Palominos (2016)","2018_Fajardo","2018_North-Northeast"
0,0,0,0,0,0,0,0,0,0,0,0,0,0,0,0,0.7856742013183862,0,0,0,0,0,0,0,0,0,0,0,0,0,0,0,0,0,0,0,0,0,0,3.4989710421650346,0,0,4.20659877466687,2.850889688581603,0,0.6415002990995842,0,0,0,0,0,0,0,0,0,0,0,0,0,0,0,0,0,0,0,0,0,0,0,0,0,0,0,2.2222222222222223,2.3570226039551585,0,0,0,0,0,0,0,0,0,0,0,0,0,0,0,0,0,0,0,0,0,0,0,0,0,0.5555555555555556,0,0,0,0,0.45360921162651446,0,0,0,0,0,0,0,0,0,0,0,0,0,0,0,0,0,0,0,0,0,0,0,1.0143010324169743,0,0,0,0,0,0,0,0,0,0,0,0,0,0,0,0,0,0,0,0,0,0,0,0,0,0,0,0,0,0,0,0,0,0,0,0,0,0,0,0,0.7856742013183862,0,0,0,0,0,0,0,0,3.059761415158946,0,0,0,0,0,0,0,0,0,0,0,3.6990711769329967,0,0.7172191381865588,0,0,0,0,0,0,0,2.0786985482077456,0,0,0,0,0,0,0,0,0,0,0,1.697250257391052,0,0.7856742013183862,0,0,0,0,0,0,0,0,0,0,0,0,0,0,0,0,0,0,0,,"2018","North-Northeast","Fajardo","Palominos (2016)","Intermediate","3","2018Palominos (2016)3","2018_Palominos (2016)","2018_Fajardo","2018_North-Northeast"
0,0,0,0,0,0,0,0,0,0,0,0,0,0,0,0,1.6903085094570331,0,0,0,0,0,0,0,0,0,0,0,0,0,0,0,0,0,0,0,0,0,0,4.08481508586549,0,0,1.9420166249104491,2.7671542886407434,0,0,0,0,0,0,0,0,0,0,0,0,0,0,0,0,0,0,0,0,0,0,0,0,0,0,0,0,0,2.7877282097486784,2.2677868380553634,0,0,0,0,0,0,0,0,0,0,0,0,0,0,0,0,0,0,0,0,0,0,0,0,0,0,0,0,0,0,0,0,0,0,0,0,0,0,0,0,0,0,0,0,0,0,0,0,0,0,0,0,0,0,0.58554004376911994,0,0,0,0,0,0.58554004376911994,0,0,0,0,0,0,0,0,0,0,0.4780914437337575,0,0,0,0,0,0,0,0,0,0,0,0,0,0,0,0,0,0,0,0,0,0,0,0,0,0,0,0,0,0,0,0,1.8205179796655993,0,0,0,0,0,0,0,0,0,0,0,4.804759545046379,0,1.91236577493503,0,0,0,0,0,0,0,1.4735767952260144,0,0,0,0,0,0,0,0,1.1710800875382399,1.1710800875382399,0,0.6761234037828133,0,0,0,0,0,0,0,0,0,0,0,0,0,0.828078671210825,0,0,0,0,0,0,0,,"2018","North-Northeast","Fajardo","Palominos (2016)","Intermediate","4","2018Palominos (2016)4","2018_Palominos (2016)","2018_Fajardo","2018_North-Northeast"
0,0,0,0,0,0,0,0,0,0,0,0,0,0,0,0,1.8463723646899912,0,0,0,0,0,0,0,0,0,0,0,0,0,0,0,0,0,0,0,0,0,0,3.5208939510976522,0,0,6.030226891555273,0.9642365197998382,1.0660035817780522,0,0,0,0,0,0,0,0,0,0,0,0,0,0,0,0,0,0,0,0,0,0,0,0,0,0,0,0,1.2856486930664501,0.787295821622217,0,0,0,1.2026142323020867,0,0,0,0,0,0,0,0,0,0.9090909090909091,0,0,0,0,0,0,0,0,0.787295821622217,0,0,0,0,0,0,0,0.5567022142689041,0,0,0,0,0,0,0,0,0,0,0,0,0,0,0,0,0,0,0,0,0,0,0,0,0,0,0,0,0,0,0,0,0,0,0,0,0,0,0,0,0.787295821622217,0,0,0,0,0,0,0,0,0,0,0,0,0,0,0,0,0,0,0,0,0,0,0,0,0,0,0,0,0,0,0,0,2.727272727272727,0,0,0,0,0,0,0,0.7186994682200862,0,0,0,0,0,0,0,0,0,0,0,0,0,1.0163945352271773,0,0,0,0,0,0,0,0,2.317736142542175,2.317736142542175,0,1.574591643244434,0,0,0,0,0,0,0,0,0,1.901500060304717,0,0,0,0,0,0,0,0,0,0,0,,"2018","North-Northeast","Fajardo","Palominos (2016)","Intermediate","5","2018Palominos (2016)5","2018_Palominos (2016)","2018_Fajardo","2018_North-Northeast"
